version,site,layer,n,mean_cosine,median_cosine,std_cosine,mean_base_norm,mean_ci_norm,mean_norm_ratio
A,final,0,304,0.9999863628886247,0.9999863505363464,3.628994049269602e-07,10.37444047551406,10.372120123160514,0.9997763027580854
A,final,1,304,0.9987620440752882,0.9987632632255554,2.8335129889117642e-05,15.105351272382235,15.207635785404005,1.006770278048498
A,final,2,304,0.9988728432278884,0.9988773465156555,3.128039201421723e-05,17.91166391498164,17.85038656310031,0.9965783780788507
A,final,3,304,0.9983401776928651,0.9983480870723724,6.586480881961722e-05,18.82362818090539,18.818724751472473,0.9997397455583305
A,final,4,304,0.9978346657988272,0.9978539943695068,8.172820931197295e-05,22.301424164521066,22.35993240381542,1.0026243426581587
A,final,5,304,0.9981470592319965,0.9981526732444763,5.718086523555543e-05,31.58130973263791,31.931193100778682,1.0110753485864301
A,final,6,304,0.9981762090403783,0.9981900155544281,6.906079240327755e-05,31.877969635160344,31.990304871609336,1.003523101526221
A,final,7,304,0.997830475827581,0.9978342056274414,6.4944191848479e-05,33.12136553463183,33.2377868953504,1.0035130898127582
A,final,8,304,0.9971519071412714,0.9971475601196289,9.837208733858944e-05,33.970015136819136,34.03809503505104,1.0020041908461068
A,final,9,304,0.9956093210923044,0.995632529258728,0.0002086764988057535,38.68214028760006,38.46092200279236,0.9942802096122245
A,final,10,304,0.9943726358837203,0.9943940341472626,0.0003681925680449408,42.219258634667646,42.59499518494857,1.0088970326234976
A,final,11,304,0.9935453504716095,0.99355149269104,0.0004533562059174475,43.72258503813492,44.62116246474417,1.0205493264695835
A,final,12,304,0.9943979272716924,0.9944112598896027,0.00041360876865242425,47.888591264423575,47.71957172845539,0.9964699700857387
A,final,13,304,0.9946013512580019,0.9946444034576416,0.0004183467566770697,55.880668213492946,55.63185442121405,0.9955516711720485
A,final,14,304,0.996112692316896,0.9961370229721069,0.0003043385498482772,70.87874545549091,71.08081852762322,1.0028510834721855
A,final,15,304,0.9960175156593323,0.9960353970527649,0.00029736137347675,68.83606142746775,69.02033216074894,1.002677433171329
A,final,16,304,0.9962447232713825,0.9962571263313293,0.00028000460709657666,70.79348955656353,70.76891186362819,0.9996531242560671
A,final,17,304,0.9969174256058115,0.9969559907913208,0.00022894365093731122,77.2428802440041,77.16190285431712,0.9989535956049236
A,final,18,304,0.99633120412105,0.9963940978050232,0.0004007080842210118,84.93518327411853,85.40770031276502,1.0055646859020713
A,final,19,304,0.9967138528039581,0.9968276917934418,0.0004642821161430825,99.69933994192826,100.33723093333997,1.0064029584689926
A,final,20,304,0.996933004181636,0.9971302151679993,0.0005980139120436246,121.39107884858784,121.80192575956646,1.003397675559673
A,final,21,304,0.9974712158896422,0.9976577758789062,0.0006497457423733279,140.4212101886147,140.50349521636963,1.000591120826338
A,final,22,304,0.997665813682895,0.997941255569458,0.00078540847542966,168.2051716352764,168.93579784192536,1.0043492854282499
A,final,23,304,0.9981705713036814,0.9984397888183594,0.0007491117496325387,212.41765865526702,213.161587464182,1.0035030440582755
A,final,24,304,0.9986632938839888,0.9988886117935181,0.0006366371111066132,271.71264969675167,273.2201752913626,1.0055531097530113
A,final,25,304,0.9989307187497616,0.9991260766983032,0.0005200873058287684,348.82794992547286,350.8025895168907,1.0056723398557852
A,final,26,304,0.9990650448752078,0.9992333948612213,0.00045850126585730204,437.3701061449553,438.0100610632646,1.0014670444191698
A,final,27,304,0.9979903439157888,0.998291552066803,0.0009325185068950855,303.9546191566869,302.6162522968493,0.9955946521234531
A,purpose_last,0,304,0.9999967995834979,0.9999968111515045,2.9930990016358737e-07,13.453131628663916,13.449652016162872,0.9997380874277901
A,purpose_last,1,304,0.999991923374565,0.9999925494194031,2.588231171072708e-06,20.903977764280217,20.891604956827667,0.9995328244683129
A,purpose_last,2,304,0.9999818423468816,0.9999819397926331,5.431783549838007e-06,28.060790821125632,28.033044978191977,0.9990729283468469
A,purpose_last,3,304,0.9999731332063675,0.9999713599681854,9.88044483111264e-06,34.29577875137329,34.30625095492915,1.0003928151312658
A,purpose_last,4,304,0.9999702672817206,0.9999692440032959,8.877670316799393e-06,38.97499600209688,39.001953984561716,1.0007545160022175
A,purpose_last,5,304,0.9999658647728594,0.9999651908874512,9.22311522543684e-06,40.270871451026515,40.29121186858729,1.0005566410059736
A,purpose_last,6,304,0.9999504642266976,0.9999493956565857,1.1228025376325539e-05,45.79082416233263,45.806643762086566,1.0003755252306468
A,purpose_last,7,304,0.9999543224510393,0.9999559819698334,8.791473497267661e-06,52.51852498556438,52.575785762385316,1.0010911592881846
A,purpose_last,8,304,0.9999416327398074,0.999946653842926,1.4060815772732017e-05,57.598189981360186,57.61128810832375,1.0002183043979558
A,purpose_last,9,304,0.9999260502426248,0.9999295473098755,1.6866976581106524e-05,57.619323918693944,57.59069878176639,0.9995226361604076
A,purpose_last,10,304,0.9999092540850765,0.9999104142189026,1.4923430632171758e-05,59.58838333581623,59.6236639524761,1.0006133202784113
A,purpose_last,11,304,0.9999013770567743,0.9999030530452728,1.760533746619094e-05,62.44768876778452,62.519144309194466,1.0011520151544868
A,purpose_last,12,304,0.9998759611656791,0.9998786449432373,2.4285478122367085e-05,61.73525309562683,61.82714033126831,1.0014855566778393
A,purpose_last,13,304,0.9998648280375882,0.9998705387115479,2.968083517239594e-05,69.83728006011562,69.91293352528622,1.0011057664924294
A,purpose_last,14,304,0.9998433964425012,0.9998500943183899,3.368103703956244e-05,70.5076003325613,70.50817251205444,1.000024281999826
A,purpose_last,15,304,0.999848730077869,0.9998551607131958,3.034802136835371e-05,81.91557000812732,81.78320643776341,0.9984091975305894
A,purpose_last,16,304,0.9998259011067843,0.9998350441455841,3.762213269747008e-05,83.11776693243729,83.05578686061658,0.9992666090500059
A,purpose_last,17,304,0.9998087051667666,0.9998191595077515,4.3807047328635154e-05,88.4154853318867,88.25264729951557,0.9981605500429872
A,purpose_last,18,304,0.9998245125538424,0.9998369812965393,4.299553190206378e-05,102.60452800048024,102.38836444051643,0.9978951826501289
A,purpose_last,19,304,0.999748770147562,0.9997609257698059,4.971986276988885e-05,110.07221731386687,109.55478788677014,0.9953043044664047
A,purpose_last,20,304,0.9997292282549959,0.9997390806674957,4.7112667872053925e-05,125.40110633247777,124.66493957921078,0.9941294890959798
A,purpose_last,21,304,0.999713022261858,0.9997261464595795,5.059532735414617e-05,153.9086799621582,152.9165580147191,0.9935557578293231
A,purpose_last,22,304,0.9996594102366975,0.9996639490127563,5.770153758662415e-05,171.56869541971307,170.33524628689415,0.9928134726625396
A,purpose_last,23,304,0.9996169646711726,0.9996267259120941,5.832666875572581e-05,211.21168964787535,209.31036065754137,0.990995148741343
A,purpose_last,24,304,0.9995498394495562,0.9995536208152771,6.5513268030467e-05,265.2972768482409,262.7294839557849,0.9903131192753039
A,purpose_last,25,304,0.999431454429501,0.9994382262229919,8.888790775107009e-05,308.1530481639661,305.9133129119873,0.9927309868390823
A,purpose_last,26,304,0.9989422504839144,0.9989699423313141,0.0001522265467470092,407.5554549568578,404.7544942153128,0.9931223750066256
A,purpose_last,27,304,0.9976291958438722,0.997665137052536,0.0003609300869585302,268.8907214716861,269.1636418794331,1.0010067253458594
A,recipient_last,0,304,0.9999963709790456,0.9999962747097015,6.681921794499343e-07,14.45491451966135,14.448271657291212,0.999539533959623
A,recipient_last,1,304,0.9999912726251703,0.9999922513961792,2.9807753297385205e-06,24.1630761748866,24.159477528772857,0.999871531203684
A,recipient_last,2,304,0.9999780917638227,0.9999783933162689,4.375458288338817e-06,29.220456255109685,29.232393183206256,1.0003909941957243
A,recipient_last,3,304,0.9999695879064108,0.9999703466892242,6.11174617299714e-06,34.50135656407005,34.54269915505459,1.001188676609259
A,recipient_last,4,304,0.9999624675041751,0.9999642968177795,9.176392135078354e-06,37.85607908901415,37.89958712929174,1.0011434174266594
A,recipient_last,5,304,0.9999567001665893,0.9999587535858154,9.195981051700526e-06,39.74009424761722,39.76911499625758,1.0007453632599044
A,recipient_last,6,304,0.9999392195359657,0.9999407827854156,1.1580291441419696e-05,45.23309426558645,45.265515415292036,1.0007213069149798
A,recipient_last,7,304,0.9999459087848663,0.999945193529129,1.1104621928285878e-05,52.43674245633577,52.48217964172363,1.0008619892551527
A,recipient_last,8,304,0.9999407302392157,0.9999404847621918,1.2785135770443838e-05,59.43396511830782,59.42728740290592,0.999870822100755
A,recipient_last,9,304,0.9999222420156002,0.9999243021011353,1.766938229287271e-05,56.785948151036315,56.75008613184879,0.9993574683424701
A,recipient_last,10,304,0.9999018844805265,0.9999025464057922,2.148957814712935e-05,61.15385488459938,61.17817612698204,1.0003942043094667
A,recipient_last,11,304,0.9998859139649492,0.9998908042907715,2.9958043011879472e-05,63.71755557311209,63.803863989679435,1.0013649111207252
A,recipient_last,12,304,0.9998602382838726,0.9998702704906464,3.642475214099287e-05,67.21750289515445,67.37188395700957,1.002302441611596
A,recipient_last,13,304,0.9998473383878407,0.9998563528060913,3.796961937955279e-05,74.3719321050142,74.48789179952522,1.0015616712451136
A,recipient_last,14,304,0.9998155528385388,0.9998259246349335,4.7316089607781785e-05,75.13764175615813,75.18558793318898,1.0006410590344452
A,recipient_last,15,304,0.9998182048530955,0.999828428030014,4.944596910123912e-05,83.85990873136018,83.90630990580509,1.0005594814922856
A,recipient_last,16,304,0.9997930738486742,0.999802827835083,5.982821243220115e-05,84.95364610772384,84.9180625865334,0.9995762198639667
A,recipient_last,17,304,0.9997606400988603,0.9997749328613281,7.716057732323048e-05,89.85582976592214,89.66271257400513,0.9978552735925097
A,recipient_last,18,304,0.9997714875560058,0.9997836351394653,7.088838986417633e-05,101.05640188016389,100.9057395332738,0.998525077351346
A,recipient_last,19,304,0.9997066980914066,0.9997256994247437,8.700109276245404e-05,109.9156396514491,109.57237103110866,0.9968663707204913
A,recipient_last,20,304,0.9996670049272085,0.9996917247772217,0.00011147787834068114,121.26925189871537,120.75866352884393,0.9957681543513872
A,recipient_last,21,304,0.9996331304703888,0.9996587336063385,0.00011836646979750396,143.52231356972143,142.851874552275,0.9953145132499487
A,recipient_last,22,304,0.9995566324183816,0.9995788633823395,0.00014292300228090942,163.2650163550126,162.39165993740684,0.9946364137740387
A,recipient_last,23,304,0.9995354453199788,0.999559223651886,0.00014962215999451864,201.4489823391563,200.10612337212814,0.9933165448806393
A,recipient_last,24,304,0.9994837435844698,0.9995065927505493,0.00016083708113518534,249.92716146770277,248.10084744503624,0.9926746057159271
A,recipient_last,25,304,0.9993723321117853,0.9993885159492493,0.00019950933674486157,293.2788029720909,291.6733007932964,0.9945087880867743
A,recipient_last,26,304,0.9990536054890407,0.9990966022014618,0.0003437536918039243,367.45804314864307,365.6291849236739,0.9950051345709731
A,recipient_last,27,304,0.997957016880575,0.9981133341789246,0.000657388142489878,286.25433660808363,286.7445636548494,1.0016886194165509
B,final,0,304,0.9999864301399181,0.9999864101409912,4.094426119421335e-07,10.37247101256722,10.370252405342303,0.9997861067792478
B,final,1,304,0.9987650819514927,0.9987658262252808,3.1432136978264025e-05,15.107220850492778,15.210594258810344,1.0068420022768436
B,final,2,304,0.9988755607291272,0.9988752007484436,3.1497979713730525e-05,17.91140281526666,17.85096926438181,0.9966259117865587
B,final,3,304,0.9983439647445553,0.9983494281768799,6.136939522535123e-05,18.834519129050406,18.829723552653665,0.9997457375687419
B,final,4,304,0.9978388869448712,0.9978570640087128,8.435198540116661e-05,22.306464257993195,22.36713565023322,1.0027204311881408
B,final,5,304,0.9981422551760548,0.9981464147567749,6.167536737895955e-05,31.571572874721728,31.925093136335676,1.0111959244583406
B,final,6,304,0.9981701395621425,0.9981831908226013,7.41638246695452e-05,31.886948303172463,32.00037362073597,1.003556795270898
B,final,7,304,0.9978244516410326,0.9978331923484802,7.080508561398703e-05,33.143782364694694,33.2604625727001,1.0035197795557798
B,final,8,304,0.9971391327287021,0.9971316456794739,0.00010160690665665735,33.98317574199877,34.04962944984436,1.001955426092263
B,final,9,304,0.9955736918276862,0.9955732822418213,0.0001983611743044289,38.7205380138598,38.49419277592709,0.994153533881416
B,final,10,304,0.9943135304278449,0.9943271279335022,0.00035971111407254527,42.26682903892115,42.64478678452341,1.0089406660848044
B,final,11,304,0.9934697392347612,0.9935121536254883,0.0004516855000396747,43.79109184365524,44.70554105859054,1.0208791629683998
B,final,12,304,0.9943334605348738,0.9943616390228271,0.00040161334671033464,47.92186041882164,47.76047507085298,0.9966320328227615
B,final,13,304,0.9945555541076159,0.994607150554657,0.0004006316684585066,55.98059911476938,55.75201187635723,0.9959226061303532
B,final,14,304,0.9960639412073713,0.996092826128006,0.00029077752698158384,70.97649664627879,71.21510560888993,1.003362321975675
B,final,15,304,0.9959508621771085,0.9959754347801208,0.00028627025028279366,68.87153876455207,69.07161780407554,1.0029049500131086
B,final,16,304,0.9961584361368104,0.9961988031864166,0.00027032057455811647,70.72469011105989,70.69190062974629,0.9995371673858094
B,final,17,304,0.9968451732083371,0.9968726336956024,0.00022587576597743383,77.30327438053332,77.20504765761525,0.9987311176908589
B,final,18,304,0.9962062200433329,0.9962529838085175,0.00042902820015718935,84.81880815405594,85.23067283630371,1.0048622401404097
B,final,19,304,0.9963833873993472,0.9965170323848724,0.0005558567036757394,99.27142943834004,99.8289545711718,1.0056373741797406
B,final,20,304,0.9963763973822719,0.9965722858905792,0.000808977503313332,121.66627304177536,122.07607387241565,1.0033875587347034
B,final,21,304,0.9969304803954927,0.997155636548996,0.0008874118842354746,141.47850392994127,141.6875020077354,1.0014837625672794
B,final,22,304,0.9970078068344217,0.9973130524158478,0.001094912196475764,169.4657365899337,170.04051093051308,1.0033982888831
B,final,23,304,0.9974619601117937,0.9977823197841644,0.0011315347903217182,209.9138187107287,210.4635278802169,1.0026216802179724
B,final,24,304,0.9980814964755585,0.9983584880828857,0.0009174244905110237,266.6590009990491,268.1513787319786,1.0056108562337762
B,final,25,304,0.9984634532348106,0.9986793100833893,0.0007514190427273088,342.64540150291043,345.098033603869,1.0071853766824355
B,final,26,304,0.9986771870600549,0.998849630355835,0.0006569480377869019,428.92361972206515,429.9001462836015,1.0022980839180378
B,final,27,304,0.9975236797411191,0.9978971183300018,0.0012397599888913575,305.03468071786983,304.06512551558643,0.9968336162422702
B,purpose_last,0,304,0.9999967340968157,0.9999967217445374,2.9212124772434067e-07,13.369208229215522,13.365777740353032,0.9997397244003554
B,purpose_last,1,304,0.999991737502186,0.9999922513961792,2.3017522409680287e-06,20.399862182767766,20.389833851864463,0.9995962830068619
B,purpose_last,2,304,0.9999812923763928,0.9999814927577972,4.9598387258088835e-06,27.572196151080885,27.54608820614062,0.9991141261233982
B,purpose_last,3,304,0.9999729024344369,0.9999723136425018,8.605323091472331e-06,33.745703766220494,33.75502452097441,1.000341132625937
B,purpose_last,4,304,0.999969681626872,0.9999693632125854,7.787237982274383e-06,38.394306653424316,38.41873089890731,1.0006892676911978
B,purpose_last,5,304,0.9999652144156004,0.9999645948410034,8.174590220654336e-06,39.70068504308399,39.720705095090366,1.0005434254993482
B,purpose_last,6,304,0.9999497640681895,0.9999492168426514,1.0435159921214401e-05,45.47299130339371,45.49034261703491,1.0004061840551044
B,purpose_last,7,304,0.9999536881713491,0.9999550580978394,8.862077442431771e-06,52.42081972172386,52.476643436833434,1.0010559507894252
B,purpose_last,8,304,0.9999414900023686,0.9999467432498932,1.4451460814924028e-05,57.5705827035402,57.58969472583971,1.0003150693523781
B,purpose_last,9,304,0.9999253524369315,0.9999313950538635,2.073630926176578e-05,56.844539629785636,56.83665112445229,0.999874471038296
B,purpose_last,10,304,0.9999082051217556,0.9999111592769623,2.0189074048265928e-05,59.15109244145845,59.20264995725531,1.000885945503153
B,purpose_last,11,304,0.9999006498408946,0.9999053180217743,2.2565042678358164e-05,62.106153174450526,62.18594179655376,1.001288460794295
B,purpose_last,12,304,0.9998755311887515,0.9998817145824432,2.8998921163074434e-05,61.652291787298104,61.75439305054514,1.0016555567407686
B,purpose_last,13,304,0.9998602100500935,0.999861866235733,3.2423793837076035e-05,69.98717334395961,70.07197954780177,1.0012223951658363
B,purpose_last,14,304,0.999836410542852,0.9998395144939423,3.708482589857538e-05,70.23535916679783,70.24361547670867,1.0001267657053994
B,purpose_last,15,304,0.9998407697207049,0.9998435378074646,3.478312483593698e-05,81.2588920091328,81.13236582906623,0.9984530113144144
B,purpose_last,16,304,0.9998154748035105,0.9998190999031067,4.180387928635165e-05,82.26200475190815,82.18147280341701,0.999025055905402
B,purpose_last,17,304,0.9997932256052369,0.999801516532898,4.886057352820123e-05,87.79844755875438,87.6152226046512,0.9979189387961718
B,purpose_last,18,304,0.999810348411924,0.9998171627521515,4.588903354569338e-05,100.73174840525577,100.49794751719425,0.9976753842154163
B,purpose_last,19,304,0.9997353198889055,0.9997434616088867,5.1408348286357626e-05,108.40855322386089,107.92977395810578,0.9955818966413138
B,purpose_last,20,304,0.9997150643091453,0.9997217059135437,5.265844663817092e-05,124.00314075068424,123.30634353035374,0.9943764735219327
B,purpose_last,21,304,0.9996973985904142,0.9997033178806305,5.5545789382673e-05,153.1478726236444,152.15151114212838,0.9934924148215288
B,purpose_last,22,304,0.999644569660488,0.9996522068977356,6.455033209227925e-05,171.5789058584916,170.33678215428404,0.9927634696186155
B,purpose_last,23,304,0.9996180853953487,0.9996204376220703,6.429108247078076e-05,212.80671797300639,210.88689809096488,0.9909777183149885
B,purpose_last,24,304,0.9995660597556516,0.9995739161968231,6.959490784936322e-05,266.9063784950658,264.3504904696816,0.9904146192241705
B,purpose_last,25,304,0.9994620810213842,0.9994725584983826,9.237214894995392e-05,309.0833763323332,306.8074617887798,0.9926358706186674
B,purpose_last,26,304,0.9990129566898471,0.9990302920341492,0.00015193869672917187,404.3424833197343,401.63863975123354,0.9933057562201073
B,purpose_last,27,304,0.9978571369459754,0.9978391826152802,0.00036720011930905887,271.70209342554995,271.5775311118678,0.9995492889561447
B,recipient_last,0,304,0.9999961621667209,0.9999961256980896,6.912486645857049e-07,14.01718532097967,14.01170730904529,0.9996042103583628
B,recipient_last,1,304,0.9999898368198621,0.999989926815033,2.8044489439405708e-06,21.54617264396266,21.53141272695441,0.9993450978480406
B,recipient_last,2,304,0.9999779300077966,0.9999787509441376,5.2865108991371295e-06,27.737399760045502,27.725226145041617,0.9995578075896747
B,recipient_last,3,304,0.999968545413331,0.9999688267707825,7.490618798385024e-06,32.45234568495499,32.46849969186281,1.0005024593838974
B,recipient_last,4,304,0.999963006298793,0.9999635517597198,8.85630044986852e-06,37.31318773721394,37.33394046833641,1.0005357997935986
B,recipient_last,5,304,0.9999584098787684,0.9999603629112244,8.870783912028021e-06,38.331700701462594,38.34946201976977,1.0004544468159255
B,recipient_last,6,304,0.9999395795166492,0.9999402165412903,1.0952937116633555e-05,44.7162660674045,44.732794874592834,1.0003752820058
B,recipient_last,7,304,0.9999421470259365,0.9999436438083649,1.1967324489291405e-05,50.835562718542,50.858749326906704,1.0004560286313973
B,recipient_last,8,304,0.9999351691650716,0.9999364614486694,1.390348362762762e-05,57.87429861018532,57.83329117925543,0.9992836995694859
B,recipient_last,9,304,0.9999196527427748,0.999923825263977,1.6785118994908226e-05,54.942458830381696,54.89673795198139,0.9991645550101079
B,recipient_last,10,304,0.9999013309808154,0.9999034404754639,1.881906802948663e-05,60.26663056172823,60.27627456815619,1.000167906030973
B,recipient_last,11,304,0.9998920477534595,0.9998953342437744,2.1547844832056657e-05,64.35260782743755,64.41120895586516,1.0009067461309498
B,recipient_last,12,304,0.9998671657552844,0.999871164560318,2.6978313792628995e-05,67.59534888518483,67.73228827275727,1.0020312289199353
B,recipient_last,13,304,0.9998580538912824,0.9998601078987122,2.8963026416007264e-05,75.40248025091071,75.50145417765567,1.0013205426191956
B,recipient_last,14,304,0.9998281625540633,0.9998340904712677,3.479176823095922e-05,75.53893849724217,75.57099051224559,1.000431743031191
B,recipient_last,15,304,0.9998342359536573,0.9998408555984497,3.726993743126736e-05,85.23342295696861,85.23361429415252,1.0000088283396773
B,recipient_last,16,304,0.9998050177175748,0.9998136162757874,4.7666154601242596e-05,85.33780788120471,85.2652540708843,0.9991605225404949
B,recipient_last,17,304,0.9997749946227199,0.9997850656509399,6.0970472531787666e-05,90.0262918723257,89.85019101594624,0.9980554307558298
B,recipient_last,18,304,0.9997853717129481,0.9997950792312622,6.437968460227709e-05,102.81282565468236,102.57144513883088,0.9976702138009821
B,recipient_last,19,304,0.9997230707422683,0.999738335609436,7.435271424924088e-05,110.17302646135029,109.7749312551398,0.9963938706825946
B,recipient_last,20,304,0.999677694745754,0.99969881772995,9.35192743477474e-05,120.33457730945788,119.77731428648296,0.9953709732809495
B,recipient_last,21,304,0.9996369541867783,0.9996635317802429,0.00011291603466602609,142.35774391575865,141.70537790499236,0.9954040289263498
B,recipient_last,22,304,0.9995485032467466,0.9995765686035156,0.00013832632116888037,160.8888921235737,160.04972784142745,0.9947798955395053
B,recipient_last,23,304,0.9995154067873955,0.9995521903038025,0.0001501745445959901,199.04821973097953,197.7842251125135,0.9936412985802483
B,recipient_last,24,304,0.9994510359277851,0.9994823038578033,0.00016964710209688814,246.5761551104094,244.8622121810913,0.9930381053135533
B,recipient_last,25,304,0.9993396505321327,0.9993683099746704,0.00019876337717381184,293.2813378384239,291.73004782827275,0.9947034970070049
B,recipient_last,26,304,0.9990263200904194,0.9990830421447754,0.00037137165139220445,370.7481104198255,369.1593616887143,0.9956935862375991
B,recipient_last,27,304,0.9977790001583727,0.9978997111320496,0.0008346936218305048,287.4235186325876,287.66749944184954,1.0008649071088678
C,final,0,304,0.9999864570012218,0.9999864101409912,4.2045326170066375e-07,10.372262132795234,10.369802707119993,0.9997628256375442
C,final,1,304,0.9987532686638204,0.9987561106681824,4.015377571782596e-05,15.104456415301875,15.206803334386725,1.0067748002562393
C,final,2,304,0.9988660314365437,0.998869389295578,3.7578829664705676e-05,17.90541677098525,17.844334696468554,0.996588033413385
C,final,3,304,0.9983307311409398,0.9983389973640442,7.488578801243238e-05,18.823447842346994,18.817238312018546,0.9996705060464285
C,final,4,304,0.9978226617370781,0.9978346824645996,9.686200514424723e-05,22.30700563757043,22.373581447099383,1.002985683057881
C,final,5,304,0.9981303964006273,0.9981449544429779,7.07807631781139e-05,31.60203849014483,31.971201608055516,1.0116786208516666
C,final,6,304,0.9981564544141293,0.9981742799282074,8.138259021259008e-05,31.89873599378686,32.0200603761171,1.0038023563802334
C,final,7,304,0.9978185674469722,0.9978269636631012,7.3670581649604e-05,33.14663268390455,33.26945485566792,1.0037037889579197
C,final,8,304,0.9971342029932299,0.9971272647380829,0.00010650389879177356,34.00609710342005,34.07529179673446,1.0020341803824748
C,final,9,304,0.9955782233492324,0.9956009984016418,0.00020179760166763364,38.71306391766197,38.50158120456495,0.9945354870755195
C,final,10,304,0.9942993553061235,0.9943346977233887,0.0003481935035400544,42.28605030712328,42.68493938446045,1.0094296359404038
C,final,11,304,0.9934254818056759,0.9934697151184082,0.00043939304916121123,43.87717050000241,44.83851523148386,1.0219051929565566
C,final,12,304,0.9942672685965112,0.9943113029003143,0.00039301056829890176,47.98030309928091,47.8356947145964,0.9969847984689759
C,final,13,304,0.994452955691438,0.9945011734962463,0.0004058315330030963,56.051785142798174,55.78123752694381,0.9951762158427252
C,final,14,304,0.9959991556641302,0.9960493445396423,0.0002881320400395979,70.92147716722991,71.07333752983494,1.0021404916864731
C,final,15,304,0.995910285334838,0.9959627985954285,0.00027768719591499835,68.80623323039005,68.97088735981991,1.0023922335681827
C,final,16,304,0.9961564397733462,0.9962062537670135,0.0002579186172210473,70.85098994405647,70.84571996488069,0.9999258481224217
C,final,17,304,0.996844503440355,0.9968772530555725,0.00021948379994761322,77.40797908682572,77.30290194561607,0.9986444106144504
C,final,18,304,0.9961860554390832,0.9962918162345886,0.0005647780450036599,85.13326780419601,85.54934812846936,1.004890856638068
C,final,19,304,0.9961914259352183,0.9962988197803497,0.0006678918291291929,99.5098180519907,100.08643915778713,1.0058026774669397
C,final,20,304,0.9961660131812096,0.9963349103927612,0.0008560554059080231,121.95959274392379,122.34671725724873,1.0031853863570137
C,final,21,304,0.9967268232844377,0.9969362616539001,0.0009256166880053094,142.56459888659026,142.81958730597245,1.0017888680750062
C,final,22,304,0.996698713616321,0.9970011711120605,0.001173683376876743,169.8733760432193,170.47804360640677,1.003570918971706
C,final,23,304,0.9970396694384123,0.997419148683548,0.0013490855111161382,209.309636919122,209.66074396434584,1.0016763313274097
C,final,24,304,0.9977581583355603,0.9980423450469971,0.0010530388937258148,264.5848470989026,265.7138271331787,1.004277812783362
C,final,25,304,0.9982149799011255,0.9984164237976074,0.0008262054504461672,340.1641128941586,342.0680577127557,1.005621011279134
C,final,26,304,0.9984568114343443,0.998632937669754,0.0007152358864974898,425.3248822061639,425.9359376806962,1.0014534548816767
C,final,27,304,0.997246118556512,0.9976648092269897,0.0014614962357817017,303.2416349712171,301.94669040880706,0.9957378367991665
C,purpose_last,0,304,0.9999968656583836,0.9999968409538269,2.9503343027577e-07,14.030946499422976,14.028003636159395,0.9997924751728943
C,purpose_last,1,304,0.9999919988607106,0.9999919235706329,2.1625506174099493e-06,20.30487780821951,20.30572011596278,1.000046099580067
C,purpose_last,2,304,0.9999808541646129,0.9999808073043823,5.749608854220242e-06,27.237925843188638,27.2251095897273,0.9995607936351604
C,purpose_last,3,304,0.9999713927115265,0.999971866607666,7.831700285557605e-06,32.34700403715435,32.37164492983567,1.0007831625985184
C,purpose_last,4,304,0.9999649979566273,0.9999654293060303,1.0073432864123858e-05,36.65069977860702,36.67784629370037,1.0007775984884089
C,purpose_last,5,304,0.999958614377599,0.9999600946903229,1.2547375811590737e-05,38.12244132945412,38.15019497118498,1.0007696998998497
C,purpose_last,6,304,0.9999283624714926,0.9999320805072784,2.5412736692456248e-05,44.94810672810203,44.96743608775892,1.0004410723457269
C,purpose_last,7,304,0.999937563742462,0.9999415278434753,2.4586354249560504e-05,50.86421408151325,50.88152377228988,1.0003281816936866
C,purpose_last,8,304,0.9999302376649881,0.9999370574951172,2.8700538554871448e-05,57.28165980389244,57.2732409301557,0.9998439766174968
C,purpose_last,9,304,0.9999076335837966,0.9999215006828308,5.364963504105356e-05,55.049020164891296,55.06203530964098,1.0002513120503373
C,purpose_last,10,304,0.9998903152974028,0.9999068975448608,5.891354094177734e-05,58.546165227890015,58.62129717124136,1.0012765583204035
C,purpose_last,11,304,0.9998843458138014,0.9999047219753265,5.687189038084134e-05,63.812859773635864,63.947144508361816,1.0020989415234893
C,purpose_last,12,304,0.9998616115435174,0.9998825490474701,6.130095738386744e-05,64.69391033523961,64.85259009662427,1.002466040341768
C,purpose_last,13,304,0.999862122496492,0.9998794794082642,5.68419786737045e-05,72.68699076301174,72.856454046149,1.002328672922114
C,purpose_last,14,304,0.9998382745604766,0.9998558759689331,6.652419584579156e-05,72.0419148645903,72.12933982046027,1.0012127484391649
C,purpose_last,15,304,0.9998418418200392,0.9998568892478943,6.336827221257653e-05,83.55934471833079,83.4874132808886,0.9991379042003139
C,purpose_last,16,304,0.999813091401991,0.9998300075531006,7.785617315964235e-05,83.85237889540822,83.74054808365672,0.9986676954365843
C,purpose_last,17,304,0.9997893971832175,0.9998084306716919,8.838751514829583e-05,89.92902341641877,89.74254254290932,0.9979367746449513
C,purpose_last,18,304,0.9998006697155928,0.9998224973678589,8.659707690158342e-05,103.60284855491237,103.30840597654644,0.9971653955322749
C,purpose_last,19,304,0.9997309162036369,0.9997508525848389,9.016325984880481e-05,110.3464399387962,109.81767724689685,0.9952113374675143
C,purpose_last,20,304,0.9997175392743788,0.9997406899929047,9.191094053761743e-05,126.05835856889423,125.33065823504799,0.9942278020492319
C,purpose_last,21,304,0.9996969576336836,0.9997136294841766,9.056273776146332e-05,152.58825879347953,151.5632041629992,0.9932772311727252
C,purpose_last,22,304,0.999652510410861,0.9996670186519623,9.832367420734773e-05,172.9466031225104,171.657479436774,0.9925474275597377
C,purpose_last,23,304,0.9996336735785007,0.9996469914913177,9.97386564749737e-05,215.00035155446906,213.0904315145392,0.9911182480242762
C,purpose_last,24,304,0.9995791696404156,0.9995986223220825,0.00011437796323574429,265.41426653611035,263.0201913432071,0.9909755868441467
C,purpose_last,25,304,0.9994747166178728,0.9994956254959106,0.00015453095438206882,307.7521740762811,305.63715191891316,0.9931302195121792
C,purpose_last,26,304,0.9989670420947828,0.9990254640579224,0.0002805159295215978,400.16973405135303,397.4649812798751,0.9932220600994311
C,purpose_last,27,304,0.9977248348295689,0.9978276193141937,0.0006199915733619755,270.77607355619733,270.78383214850174,1.0000181362445044
C,recipient_last,0,304,0.9999963605874463,0.9999963045120239,6.716223749142602e-07,14.454934769555143,14.448270286384382,0.9995378496956081
C,recipient_last,1,304,0.9999912702723553,0.9999922513961792,2.9929787205523157e-06,24.16319459990451,24.15938504746086,0.9998644534397313
C,recipient_last,2,304,0.99997809764586,0.9999783933162689,4.361859664409927e-06,29.220568895339966,29.232263596434343,1.000383696794507
C,recipient_last,3,304,0.9999696004547571,0.9999704360961914,6.108462809546052e-06,34.50142312677283,34.542591402405186,1.0011840167553
C,recipient_last,4,304,0.9999624767193669,0.9999643564224243,9.161737854667018e-06,37.85620127226177,37.89949773487292,1.0011380225095288
C,recipient_last,5,304,0.9999566772266438,0.9999586641788483,9.184197678665787e-06,39.74018626464041,39.7688825506913,1.0007372666101375
C,recipient_last,6,304,0.9999392632591096,0.9999409019947052,1.1549999957251373e-05,45.233191101174604,45.26540413655733,1.0007167909514214
C,recipient_last,7,304,0.9999459572136402,0.9999451637268066,1.1100574702718774e-05,52.43668255053068,52.4817933785288,1.0008555662691703
C,recipient_last,8,304,0.9999407923927432,0.9999405145645142,1.2765821177125021e-05,59.43406273189344,59.4271104084818,0.999866183241689
C,recipient_last,9,304,0.9999222078997838,0.9999243021011353,1.768569584030667e-05,56.78638838466845,56.74988820678309,0.9993464141425505
C,recipient_last,10,304,0.9999018713439766,0.9999025464057922,2.1514536136759958e-05,61.154584319967974,61.1780817634181,1.0003809247516904
C,recipient_last,11,304,0.9998859345520797,0.9998908042907715,2.9986923556741514e-05,63.718339556141906,63.80358237969248,1.0013485417539179
C,recipient_last,12,304,0.9998603043587584,0.9998696446418762,3.6460240590505126e-05,67.21839232193797,67.37195626058076,1.0022902608409303
C,recipient_last,13,304,0.9998473613277862,0.9998563528060913,3.801152418089536e-05,74.37282341404965,74.48750222356696,1.0015439748944592
C,recipient_last,14,304,0.9998155469565015,0.9998259246349335,4.734562936320221e-05,75.13845165152298,75.1855845200388,1.0006304272565973
C,recipient_last,15,304,0.9998182034806201,0.999828428030014,4.947136450253494e-05,83.86126972499646,83.90627667778416,1.0005430353975813
C,recipient_last,16,304,0.9997931036509966,0.999802827835083,5.984973283918379e-05,84.95436527854518,84.91789940783852,0.9995657145942827
C,recipient_last,17,304,0.9997606871551589,0.9997749328613281,7.718353522044211e-05,89.85633591601723,89.6624012746309,0.9978461460615489
C,recipient_last,18,304,0.9997715342201685,0.9997820258140564,7.093349187854643e-05,101.05709894079911,100.9054112936321,0.9985142985618786
C,recipient_last,19,304,0.9997067463241125,0.9997256994247437,8.704056783703669e-05,109.9159170953851,109.57254457473755,0.9968652251595863
C,recipient_last,20,304,0.9996671657028952,0.9996917247772217,0.00011145944292982666,121.26991319656372,120.75860824083027,0.9957620394655354
C,recipient_last,21,304,0.9996334947645664,0.9996587336063385,0.00011820036724627809,143.52272144116853,142.85191877264725,0.995311890432436
C,recipient_last,22,304,0.9995570688655502,0.9995788633823395,0.00014262615678519,163.26560256355688,162.39164141604775,0.994632618900257
C,recipient_last,23,304,0.9995357772629512,0.999559223651886,0.00014939855392078356,201.45073082572534,200.1074841147975,0.9933143152016303
C,recipient_last,24,304,0.9994842100300287,0.9995065927505493,0.00016052376620405564,249.92909039949117,248.09986842306037,0.9926627710526761
C,recipient_last,25,304,0.9993729671757472,0.9993885159492493,0.0001990227550505362,293.27977491679945,291.67187891508405,0.9945002260358995
C,recipient_last,26,304,0.9990546342573667,0.9990966022014618,0.0003430690469336836,367.4607925415039,365.6314419194272,0.9950036037284228
C,recipient_last,27,304,0.9979616170258898,0.9981293380260468,0.0006516174175336863,286.2554053256386,286.7456146039461,1.0016885322597702
D,final,0,304,0.9999864777844203,0.999986469745636,4.270987313767816e-07,10.370508859032078,10.368289316955366,0.9997859520604033
D,final,1,304,0.998762338177154,0.9987647235393524,3.486437824514615e-05,15.103449743045005,15.205651276989988,1.0067659072808024
D,final,2,304,0.9988726450032309,0.9988738298416138,3.480309276769113e-05,17.904944175168087,17.84431038404766,0.9966134474118591
D,final,3,304,0.9983375723424711,0.9983454048633575,6.98840596813675e-05,18.834409393762286,18.829085381407488,0.9997176387318086
D,final,4,304,0.9978290780594474,0.9978461563587189,9.605958643977465e-05,22.306111912978324,22.3760444051341,1.0031356827461713
D,final,5,304,0.998130055634599,0.9981407523155212,7.11820041199023e-05,31.588643663807918,31.960474177410727,1.0117690643379746
D,final,6,304,0.9981553172202486,0.9981652200222015,8.19464876213868e-05,31.90712650826103,32.03029977647882,1.0038599049193737
D,final,7,304,0.9978160401316065,0.9978263676166534,8.02375962985633e-05,33.160109306636606,33.2834260840165,1.0037181706252212
D,final,8,304,0.9971261034278494,0.9971300065517426,0.00011143025665194485,34.01032703801205,34.07894010292856,1.002016870694239
D,final,9,304,0.9955454002085485,0.9955701529979706,0.000200332866294851,38.74946358329371,38.53376000805905,0.994431958753221
D,final,10,304,0.9942476057300442,0.9942553043365479,0.0003588900733528121,42.32485350809599,42.72808288273058,1.0095239743393214
D,final,11,304,0.9933708039553542,0.9934093654155731,0.00046005565449580034,43.940634325930944,44.91309979087428,1.0221261014329759
D,final,12,304,0.9942247877387624,0.9942501783370972,0.0004110104946969986,47.99528270018728,47.85969308802956,0.99717432743723
D,final,13,304,0.9944260420375749,0.9944602251052856,0.00041633849051987085,56.117664537931745,55.87427751641525,0.9956680275499757
D,final,14,304,0.9959699954641493,0.9959985017776489,0.0002940598251784593,71.00271506058543,71.19019636354949,1.002640664587701
D,final,15,304,0.995861256593152,0.9958809614181519,0.0002861671044650956,68.8387215764899,69.0138003449691,1.0025428420023175
D,final,16,304,0.9960871942733464,0.9961118698120117,0.00026418559733750087,70.79799064837005,70.79523442920886,0.9999616463014981
D,final,17,304,0.9967764704243133,0.9968073666095734,0.00022600686354333537,77.45876103953312,77.35159979368511,0.9986181102553844
D,final,18,304,0.99612273295459,0.9962520897388458,0.0006014964278511826,85.39175282026592,85.8214192139475,1.0050345485962826
D,final,19,304,0.9960105666204503,0.9961642622947693,0.0007368540071711517,99.66465618735866,100.36738777160645,1.0070697578267693
D,final,20,304,0.9957752090535665,0.9959586262702942,0.0009455541700778726,122.41358890031513,123.0552843746386,1.0052719202612475
D,final,21,304,0.9963345447261083,0.9965800642967224,0.0009999530927620047,143.6855680064151,144.13574158517937,1.003151514885129
D,final,22,304,0.9961967083968615,0.9965151250362396,0.0012182094763763817,170.98552989959717,171.45428160617226,1.00274797214426
D,final,23,304,0.9964627623558044,0.9968104958534241,0.0013809059044631064,208.8213142595793,209.28211166984156,1.0022057510670026
D,final,24,304,0.9972813239223078,0.9975602328777313,0.001055790950727413,262.7207539207057,264.35921779431794,1.0062411508870155
D,final,25,304,0.9978211567197975,0.9980815052986145,0.0008299091541646138,336.70055188630755,339.48121251558,1.0082698226443167
D,final,26,304,0.9981062094631948,0.9983318746089935,0.0007199514626039844,422.02766016909953,423.76987547623486,1.0041220113607427
D,final,27,304,0.9964234848555765,0.9969050288200378,0.0015744202132788087,302.02179216083726,300.70427352503725,0.9956358825841156
D,purpose_last,0,304,0.999996860560618,0.9999968409538269,3.020504137424917e-07,13.993948556874928,13.991031759663633,0.9997927980583132
D,purpose_last,1,304,0.9999921706162,0.999992161989212,1.933097052352109e-06,20.258950879699306,20.25923342453806,1.0000287661237544
D,purpose_last,2,304,0.9999815431472502,0.9999813139438629,4.769097815191671e-06,27.19785899865,27.185461063134042,0.9995753758409606
D,purpose_last,3,304,0.9999720344417974,0.9999728500843048,7.027757558822284e-06,32.29894916007393,32.321614039571664,1.0007234336274333
D,purpose_last,4,304,0.9999659522191474,0.9999669790267944,8.951837835961858e-06,36.612151083193325,36.63884209331713,1.0007656540073295
D,purpose_last,5,304,0.9999592233645288,0.9999619722366333,1.2474912508902768e-05,38.17200779914856,38.200208839617275,1.0007783785200626
D,purpose_last,6,304,0.9999296845574128,0.9999341666698456,2.4807276110889708e-05,45.06427797518278,45.08612836034674,1.0004960673202863
D,purpose_last,7,304,0.9999382135115171,0.9999426603317261,2.479610359939298e-05,50.877481297442785,50.89496850967407,1.000335439607083
D,purpose_last,8,304,0.9999314334831739,0.9999381005764008,2.893239368775494e-05,57.190422986683096,57.18567942318163,0.9999128195599648
D,purpose_last,9,304,0.9999122427482354,0.9999259114265442,4.983723177806906e-05,55.078166924024885,55.088857763691955,1.000208670556396
D,purpose_last,10,304,0.9998952118973983,0.9999105036258698,5.3891112782165933e-05,58.500387480384425,58.572819120005555,1.001233054420251
D,purpose_last,11,304,0.9998891467326566,0.9999061822891235,5.200878056925238e-05,63.334485028919424,63.4688577777461,1.0021213670138522
D,purpose_last,12,304,0.9998694279868352,0.999885618686676,5.560719233303289e-05,64.22523615234776,64.38556669887744,1.0025040184391658
D,purpose_last,13,304,0.9998693979884449,0.9998807609081268,5.2299336664792075e-05,72.30483790447838,72.47658850017346,1.002382154605597
D,purpose_last,14,304,0.9998474440684444,0.9998596012592316,6.24643073732123e-05,71.70800048426578,71.78999961049934,1.001145200826962
D,purpose_last,15,304,0.999851961669169,0.9998639523983002,5.957518405665513e-05,82.87607120212756,82.81295680999756,0.9992416285700576
D,purpose_last,16,304,0.9998254752472827,0.9998393654823303,7.379109870614528e-05,82.99160450383236,82.89226052635594,0.9988037006652215
D,purpose_last,17,304,0.9998062284369218,0.9998246133327484,8.215884166699877e-05,89.20310457129227,89.02350227456344,0.9979954818053756
D,purpose_last,18,304,0.9998174721473142,0.9998382031917572,8.346350548503863e-05,103.1601582577354,102.88884617152966,0.9973776465553452
D,purpose_last,19,304,0.9997499753770075,0.9997694194316864,9.316266758919173e-05,109.87680427651657,109.39638795350727,0.9956367263133112
D,purpose_last,20,304,0.9997360378895935,0.9997568726539612,9.777912794704845e-05,125.42805624008179,124.75801972339028,0.9946652477592957
D,purpose_last,21,304,0.9997136779129505,0.999733179807663,9.927460422345107e-05,151.88906544133238,150.92822877984298,0.993673201736999
D,purpose_last,22,304,0.999670535522072,0.9996886849403381,0.0001096980827936276,171.94668438560083,170.72089250464188,0.9928718061008667
D,purpose_last,23,304,0.9996491207888252,0.9996704757213593,0.0001084431782842478,213.7225019053409,211.88962359177438,0.9914274141405016
D,purpose_last,24,304,0.9995890069556864,0.999613344669342,0.00012128396549876111,264.09806974310624,261.76105067604465,0.9911482388696731
D,purpose_last,25,304,0.9994856197583047,0.9995213150978088,0.00016357445483873952,306.44448300411824,304.38159300151625,0.9932717587512386
D,purpose_last,26,304,0.9989739856437633,0.9990282356739044,0.0002739755892137067,399.1775298871492,396.4710350036621,0.993203250928239
D,purpose_last,27,304,0.9977186777089772,0.9978316426277161,0.0005370846029325554,270.5479379955091,270.63774219312165,1.0003250230188354
D,recipient_last,0,304,0.9999961578532269,0.9999961256980896,6.927002021077171e-07,14.017126619815826,14.011657410546354,0.999604721500797
D,recipient_last,1,304,0.9999898287810778,0.9999899566173553,2.8134103157715444e-06,21.54621994495392,21.531364993045205,0.9993403472517038
D,recipient_last,2,304,0.9999779139302278,0.9999786913394928,5.282425113123104e-06,27.737427102892024,27.725172921230918,0.9995550464784748
D,recipient_last,3,304,0.9999685226694534,0.9999688267707825,7.489056931564998e-06,32.45239302359129,32.46844232082367,1.0004993806018945
D,recipient_last,4,304,0.999963004142046,0.999963641166687,8.857407367440064e-06,37.31329601689389,37.33412607092606,1.0005378360117712
D,recipient_last,5,304,0.9999583934090639,0.9999602437019348,8.85167965624062e-06,38.33175114581459,38.34949104409469,1.000454086708059
D,recipient_last,6,304,0.999939604025138,0.999940037727356,1.0947732966556533e-05,44.716144499025845,44.73276938890156,1.0003773347115825
D,recipient_last,7,304,0.9999422078069887,0.9999437928199768,1.1955845592881326e-05,50.83548012532686,50.85866872887863,1.0004560732962142
D,recipient_last,8,304,0.9999352185741851,0.9999364614486694,1.3871708134487864e-05,57.87461132752268,57.83312722256309,0.9992758803540374
D,recipient_last,9,304,0.9999196994069376,0.999923825263977,1.6784281852957234e-05,54.943047749368766,54.89689767988104,0.9991570608911019
D,recipient_last,10,304,0.9999013958792937,0.9999035000801086,1.8812291113152758e-05,60.26741251192595,60.27626291074251,1.0001549894395085
D,recipient_last,11,304,0.999892103632814,0.9998951256275177,2.1560471408971734e-05,64.35331372210854,64.41132160236961,1.0008976006210997
D,recipient_last,12,304,0.9998672284970158,0.999871164560318,2.6993074864122684e-05,67.59650847786351,67.73223746450324,1.0020138657484683
D,recipient_last,13,304,0.9998581025161242,0.9998605251312256,2.8944443191155442e-05,75.40368835549606,75.5016010685971,1.0013070504349755
D,recipient_last,14,304,0.9998281896114349,0.9998340606689453,3.4720587368642825e-05,75.54002418016132,75.5712456703186,1.0004209619194886
D,recipient_last,15,304,0.9998342610503498,0.999841034412384,3.719760599086195e-05,85.23428987201892,85.23381567001343,1.0000010334661111
D,recipient_last,16,304,0.9998050800671703,0.9998131692409515,4.7620103597678865e-05,85.33845028124358,85.26502958096955,0.9991506902267518
D,recipient_last,17,304,0.999775095205558,0.9997850656509399,6.0921363194898434e-05,90.0272243901303,89.85008036462884,0.9980440192982167
D,recipient_last,18,304,0.9997854868048116,0.9997949302196503,6.431332818478618e-05,102.81376213776439,102.57094358143054,0.9976564707644533
D,recipient_last,19,304,0.9997231991667497,0.9997381269931793,7.431723547885866e-05,110.17375958593269,109.77447818454944,0.9963833796486599
D,recipient_last,20,304,0.9996778104258212,0.99969881772995,9.346310413061403e-05,120.33573544652839,119.7773609161377,0.9953624781845596
D,recipient_last,21,304,0.9996371355495954,0.9996636807918549,0.00011286083719524236,142.35832254510177,141.70515464481554,0.9953985627455925
D,recipient_last,22,304,0.9995487142158183,0.9995790719985962,0.00013822085122671465,160.8900630348607,160.04934948369078,0.9947702552610022
D,recipient_last,23,304,0.9995157657877395,0.9995521903038025,0.00014997736801909825,199.04942688189055,197.7842375102796,0.9936352474035599
D,recipient_last,24,304,0.999451528646444,0.9994823038578033,0.00016927337216069606,246.57671908328408,244.8613900134438,0.9930320948697564
D,recipient_last,25,304,0.9993401814840341,0.9993734657764435,0.0001982773690412943,293.2811470031738,291.7298387226306,0.9947029837448372
D,recipient_last,26,304,0.9990270361304283,0.9990830421447754,0.0003704961028610395,370.74523162841797,369.1596571269788,0.9957012994637012
D,recipient_last,27,304,0.9977815553153816,0.9979007244110107,0.0008319825018552443,287.4224149804366,287.6657482950311,1.0008628589845492
