contrast,site,layer,n,mean_direction_cosine,median_direction_cosine,std_direction_cosine,mean_base_direction_norm,mean_ci_direction_norm,mean_direction_norm_ratio
AB_B_minus_A,final,0,49,0.9991257044733787,0.9991617202758789,0.0003367502677068414,0.2093319068757855,0.20841833036773058,0.9955318471525214
AB_B_minus_A,final,1,49,0.9927785055977958,0.9934481382369995,0.002365457439637069,0.26309221192282073,0.2649207765958747,1.0062996059545826
AB_B_minus_A,final,2,49,0.9925390348142508,0.9933648109436035,0.002368492236978399,0.3514933032648904,0.35384806686518144,1.0053382004471703
AB_B_minus_A,final,3,49,0.9883506322393611,0.9880061745643616,0.00311971482976459,0.41785822291763464,0.42909094265529085,1.0235387863817496
AB_B_minus_A,final,4,49,0.981335733618055,0.981703519821167,0.0074436135233057876,0.5672011229456687,0.5738480261393956,1.0081704680227366
AB_B_minus_A,final,5,49,0.9746696973333553,0.9740527868270874,0.0075329851622421085,0.5990713068417141,0.6105701461130258,1.0162281175295516
AB_B_minus_A,final,6,49,0.9761025856952278,0.9771440029144287,0.0057951536394104455,0.6368007538269977,0.6466868982023123,1.0127431655092034
AB_B_minus_A,final,7,49,0.9792207905224392,0.9800620675086975,0.005126325300046024,0.7135568273310758,0.7329100504213449,1.0256107104736258
AB_B_minus_A,final,8,49,0.9776259052510164,0.9786677360534668,0.004413732855877383,0.8604158309041238,0.8843660232972126,1.0265934835658326
AB_B_minus_A,final,9,49,0.975263736685928,0.9759902954101562,0.004888403624641663,0.8772137481339124,0.9002772849433276,1.0257224907171962
AB_B_minus_A,final,10,49,0.9676624500021642,0.9677497148513794,0.005414755792664799,1.0099666824146194,1.035521686077118,1.0244247039729817
AB_B_minus_A,final,11,49,0.9588931397515901,0.9591323137283325,0.006327502670684351,1.0573257183542057,1.102158278835063,1.0418460576783568
AB_B_minus_A,final,12,49,0.9529728074463046,0.9527491331100464,0.0075318793899056815,1.128576125417437,1.1562326453169998,1.0237186856197547
AB_B_minus_A,final,13,49,0.9567014465526659,0.9571782946586609,0.009056743864317207,1.3586525016901445,1.3923770481226396,1.0246827691342768
AB_B_minus_A,final,14,49,0.9593847029063166,0.9626455903053284,0.008940186399408124,1.656166714064929,1.6946115153176444,1.0237636743241405
AB_B_minus_A,final,15,49,0.9596692530476317,0.9597077965736389,0.010362834983126243,1.797471756837806,1.803788574374452,1.0045840011615252
AB_B_minus_A,final,16,49,0.9650106235426299,0.9649956226348877,0.010396260278540485,2.126961097425344,2.0880694827254938,0.9836678482408003
AB_B_minus_A,final,17,49,0.9641851661156635,0.967394232749939,0.012583623353198233,3.1710929773291765,2.9464368430935606,0.9307064212419803
AB_B_minus_A,final,18,49,0.9621716336328157,0.9675402045249939,0.020455150807394518,11.391222759168976,11.272013489080935,0.9821333338578375
AB_B_minus_A,final,19,49,0.9684562026237955,0.9715607166290283,0.01737162297763481,17.863485063825333,17.93668172797378,0.9951082867762688
AB_B_minus_A,final,20,49,0.9668751018387931,0.9706974625587463,0.01807130551328031,26.493736617419184,26.274686501950633,0.9834922710240506
AB_B_minus_A,final,21,49,0.9661772603891334,0.9722104072570801,0.02152474926604379,33.263022014072966,32.790963815183055,0.9780092267114247
AB_B_minus_A,final,22,49,0.9710895735390332,0.978482723236084,0.018086456308422382,45.0350869626415,45.01820591517857,0.990151976921473
AB_B_minus_A,final,23,49,0.9747958219781214,0.9812747240066528,0.015699166308767856,57.10807154129962,58.419459206717356,1.0149094740234634
AB_B_minus_A,final,24,49,0.9747448308127267,0.9829082489013672,0.017202164191176157,66.94786710155253,67.70644043902962,1.0019747682342248
AB_B_minus_A,final,25,49,0.9737446004030655,0.9819978475570679,0.019844705207099373,79.71700761756118,79.74939961336096,0.9891642138836616
AB_B_minus_A,final,26,49,0.9731885620525905,0.9823340177536011,0.02231390869073137,94.81538562385403,94.02424964126276,0.9793608259487201
AB_B_minus_A,final,27,49,0.9753763614868631,0.9828218221664429,0.021504636063446523,88.23368913300183,85.934796858807,0.9591376385708069
AB_B_minus_A,purpose_last,0,49,0.9999442331644953,0.9999525547027588,3.860306375856983e-05,1.46230129928005,1.460831272358797,0.9989109102945241
AB_B_minus_A,purpose_last,1,49,0.9998415769362936,0.9998528361320496,7.225838644802534e-05,1.743223061366957,1.7426044721992648,0.9994619560712388
AB_B_minus_A,purpose_last,2,49,0.9997306417445747,0.9997714757919312,0.00012668568791935993,2.1717629651634063,2.1756433394490458,1.0016557347527295
AB_B_minus_A,purpose_last,3,49,0.9996030294165319,0.9996544122695923,0.00017316917496995664,2.702140506432981,2.713325558876505,1.0039456242467928
AB_B_minus_A,purpose_last,4,49,0.9996228838453487,0.9996442794799805,0.00016486174159163628,3.699937256015077,3.721195551813865,1.0055239196068662
AB_B_minus_A,purpose_last,5,49,0.9996722887973396,0.9996872544288635,0.0001258088180661517,4.6973554455504125,4.71905889316481,1.0044530592620735
AB_B_minus_A,purpose_last,6,49,0.999649317897096,0.9996552467346191,0.00011581949823467916,5.96002552460651,5.97782579733401,1.0030836993093555
AB_B_minus_A,purpose_last,7,49,0.9996546543374354,0.9996596574783325,8.706775510457251e-05,7.32338825537234,7.328438739387357,1.0007413698378211
AB_B_minus_A,purpose_last,8,49,0.999665652002607,0.9996800422668457,9.095676360487206e-05,9.917844830727091,9.906214402646434,0.9987358248247087
AB_B_minus_A,purpose_last,9,49,0.999627910098251,0.9996359944343567,0.0001792627060508947,12.07130967354288,12.047566073281425,0.9979356707152406
AB_B_minus_A,purpose_last,10,49,0.9995610884257725,0.9996071457862854,0.00020224305937262133,12.068383518530398,12.030481348232348,0.9967861506988083
AB_B_minus_A,purpose_last,11,49,0.9995129351713219,0.9995516538619995,0.00020923816806761922,14.386743370367556,14.310964195095764,0.9944568624844045
AB_B_minus_A,purpose_last,12,49,0.9994222144691312,0.9994936585426331,0.00023216760711745996,15.759448440707459,15.658922117583606,0.9934283894210323
AB_B_minus_A,purpose_last,13,49,0.9992472261798625,0.9992738366127014,0.0001815765196576569,19.3684836407097,19.146517967691228,0.9882768609022916
AB_B_minus_A,purpose_last,14,49,0.9991092913004817,0.9991369247436523,0.00019149123731415865,20.36595545009691,20.117609744169275,0.9876874791413526
AB_B_minus_A,purpose_last,15,49,0.999020400095959,0.9990661144256592,0.00022110457094807543,22.7545470607524,22.49570504013373,0.9885073143872702
AB_B_minus_A,purpose_last,16,49,0.9988857288749851,0.9988638758659363,0.0002403648487828525,24.78690122098339,24.562471019978425,0.9905294641602428
AB_B_minus_A,purpose_last,17,49,0.9987306339400155,0.9988540410995483,0.0003061576657004955,27.40675906745755,27.155604226248606,0.990585245765575
AB_B_minus_A,purpose_last,18,49,0.9986392989450571,0.9987158179283142,0.0003338382273039146,28.032203012583206,27.78753677679568,0.9911533926160384
AB_B_minus_A,purpose_last,19,49,0.9984806970674165,0.9985892176628113,0.00038612452110393697,29.4796078740334,29.21734093646614,0.9911531625302209
AB_B_minus_A,purpose_last,20,49,0.9983743271049188,0.9985117316246033,0.0003771847652594802,33.35854250071,33.08685353337502,0.9919385501016376
AB_B_minus_A,purpose_last,21,49,0.9982571528882397,0.9982767701148987,0.00039818374237568337,40.52917025040607,40.25709973549356,0.9935620919291759
AB_B_minus_A,purpose_last,22,49,0.9981521830266836,0.9982392191886902,0.0004453952587832519,47.55387465807856,47.28268724558305,0.9946321113839551
AB_B_minus_A,purpose_last,23,49,0.9979917625991666,0.9980597496032715,0.0004839918095478247,54.84044296887456,54.54802322387695,0.9951088898282591
AB_B_minus_A,purpose_last,24,49,0.9977567658132437,0.9978072643280029,0.0005723568669855071,65.58082712913045,65.27160348697585,0.9956377339627172
AB_B_minus_A,purpose_last,25,49,0.9974817256538235,0.9975124597549438,0.0006812632214845021,78.56681582392478,78.33588627406529,0.9972624883445278
AB_B_minus_A,purpose_last,26,49,0.9968158030996517,0.9969758987426758,0.0008028895063366054,95.3003044128418,95.01115277348732,0.9971293306156056
AB_B_minus_A,purpose_last,27,49,0.9965537482378434,0.9969117641448975,0.0011220637270478917,86.05991674929248,87.30157135943978,1.015504886274908
AB_B_minus_A,recipient_last,0,49,0.999996580639664,0.9999966025352478,5.905190464952729e-07,14.994259775901327,14.989030448757873,0.9996520579623697
AB_B_minus_A,recipient_last,1,49,0.9999939896622483,0.9999951124191284,3.3864091635776085e-06,26.174373120677714,26.15819701369928,0.9993919366325018
AB_B_minus_A,recipient_last,2,49,0.999988566855995,0.9999886155128479,4.125974725337674e-06,32.91062284975636,32.91685750533124,1.0001769938374971
AB_B_minus_A,recipient_last,3,49,0.9999830211911883,0.9999827742576599,4.215861286405356e-06,38.07960771054638,38.11987460389429,1.0010367044961166
AB_B_minus_A,recipient_last,4,49,0.999977628795468,0.9999788999557495,5.889678231461876e-06,42.251748454814056,42.292129905856385,1.000939432252534
AB_B_minus_A,recipient_last,5,49,0.9999706708655065,0.999972939491272,7.770993976553936e-06,44.03844015938895,44.07652391706194,1.0008858591998664
AB_B_minus_A,recipient_last,6,49,0.9999481622053652,0.999951958656311,1.086972183032578e-05,47.84736251831055,47.85666835551359,1.000196790684709
AB_B_minus_A,recipient_last,7,49,0.9999448450244203,0.9999454021453857,1.0380114740083839e-05,53.35286183259925,53.37743105207171,1.000450359597061
AB_B_minus_A,recipient_last,8,49,0.999927535349009,0.9999291300773621,1.4409571991196626e-05,56.69681074181381,56.686143602643696,0.9998018380187831
AB_B_minus_A,recipient_last,9,49,0.9999085786391277,0.9999088644981384,1.7479614585821487e-05,53.5962694907675,53.55434682417889,0.9992103684045135
AB_B_minus_A,recipient_last,10,49,0.999891826084682,0.9998922348022461,1.8895216881585138e-05,54.00257406429369,53.939193024927256,0.9988393631092777
AB_B_minus_A,recipient_last,11,49,0.9998627073910772,0.9998608827590942,2.8499113418791522e-05,55.79949593057438,55.74216328835001,0.9989654276138058
AB_B_minus_A,recipient_last,12,49,0.9998324330972166,0.999836266040802,3.66410680097037e-05,58.62988507017798,58.54801722935268,0.9986170039278381
AB_B_minus_A,recipient_last,13,49,0.9997919262671957,0.9998015761375427,3.888856170202747e-05,60.31127766200474,60.18803818371831,0.9979693481051192
AB_B_minus_A,recipient_last,14,49,0.9997576171038102,0.9997758269309998,5.025416133583271e-05,61.647289587526906,61.4948176169882,0.9975658600377331
AB_B_minus_A,recipient_last,15,49,0.9997125523430961,0.9997260570526123,7.35876693005936e-05,63.754143228336254,63.55218622635822,0.9969042302859209
AB_B_minus_A,recipient_last,16,49,0.9996639295500152,0.9996787905693054,9.152435082021568e-05,64.95104334305744,64.71869628283443,0.9965178964927912
AB_B_minus_A,recipient_last,17,49,0.9995748461509237,0.9995932579040527,0.0001299145004768503,67.85283590822803,67.5893690926688,0.9962481332518136
AB_B_minus_A,recipient_last,18,49,0.9995626101688463,0.9995825886726379,0.00013899503296662636,70.34389246726522,70.05455040445133,0.9960336161898804
AB_B_minus_A,recipient_last,19,49,0.9994981386223618,0.999528169631958,0.00017560614895918185,73.30135929341219,72.94815281459263,0.9953211443719732
AB_B_minus_A,recipient_last,20,49,0.9994579285991435,0.9994827508926392,0.0001889542229674668,84.36042318538743,83.99975866200973,0.9958541710412651
AB_B_minus_A,recipient_last,21,49,0.9993915886295085,0.9994513392448425,0.00022436033232941317,97.35742389912508,96.91234432921118,0.9955485806382933
AB_B_minus_A,recipient_last,22,49,0.9992646343854009,0.9993141293525696,0.00026810864295256947,111.57098232969946,111.05910351811623,0.9955732896551148
AB_B_minus_A,recipient_last,23,49,0.9992429893843982,0.9992696046829224,0.00026466438067549467,136.47974504743303,135.92165779580876,0.9960441496271055
AB_B_minus_A,recipient_last,24,49,0.9990054879869733,0.9990202188491821,0.0003380209026976017,153.06965029969507,152.51533586151746,0.9964895594562435
AB_B_minus_A,recipient_last,25,49,0.9986912133742352,0.9986525774002075,0.0004228176234622326,173.61450818120215,173.1188148965641,0.9972739788701575
AB_B_minus_A,recipient_last,26,49,0.9978479730839632,0.9980157613754272,0.0008866429548172411,201.31626985511002,200.88277762276786,0.99799612881968
AB_B_minus_A,recipient_last,27,49,0.9967898933254943,0.9973191618919373,0.001602822616865225,189.66139112200057,192.68447891546757,1.0170735692488428
AC_C_minus_A,final,0,87,0.9986224058030666,0.9986774921417236,0.0008624432683692014,0.16920851744797039,0.1684945314780049,0.9957983802442216
AC_C_minus_A,final,1,87,0.9925686134689156,0.9928315877914429,0.0023215787067206116,0.26203111944527463,0.2636113776557747,1.0056116368446237
AC_C_minus_A,final,2,87,0.9923581248042227,0.9920968413352966,0.0020815966054271535,0.38765501753352155,0.38302942014288627,0.9882505639498452
AC_C_minus_A,final,3,87,0.9886436667935602,0.9881839156150818,0.0026675349652764725,0.4627657375116458,0.46376647483343364,1.000837487569686
AC_C_minus_A,final,4,87,0.9834069328746576,0.9828238487243652,0.0033444705052304196,0.5575273379512217,0.566702262080949,1.015625900272402
AC_C_minus_A,final,5,87,0.9783280738468828,0.9786556959152222,0.0056417887314543546,0.6361532519603598,0.6477426814621893,1.0169699177996165
AC_C_minus_A,final,6,87,0.9786233915679756,0.9802262187004089,0.006906611648416734,0.7016292163010301,0.7107512073955317,1.0133390912832012
AC_C_minus_A,final,7,87,0.9848813181635977,0.9856759905815125,0.003594217283424281,0.9017965074243217,0.9298063311083563,1.0313316307372042
AC_C_minus_A,final,8,87,0.9822326994490349,0.9827538728713989,0.0033339937125165657,1.1257110751908401,1.1555699932164158,1.026857596991767
AC_C_minus_A,final,9,87,0.9797410101726137,0.9800660610198975,0.0034838499435826107,1.1502783223130237,1.1976367666803558,1.0419654679576023
AC_C_minus_A,final,10,87,0.9709415449493233,0.9705386757850647,0.005026591854953836,1.2989882484249684,1.3562091232716351,1.0436009755394509
AC_C_minus_A,final,11,87,0.9641806113308874,0.9644515514373779,0.005566611651520432,1.4043250741629765,1.4894079538597458,1.0590938037092892
AC_C_minus_A,final,12,87,0.9606915123161228,0.9638770222663879,0.007796953081101666,1.5516675840849163,1.5907338693224151,1.024093734112705
AC_C_minus_A,final,13,87,0.9595802193400503,0.9638707041740417,0.008799837373925352,1.747971231910004,1.8023278822844055,1.0301196668658181
AC_C_minus_A,final,14,87,0.9623514866006786,0.9616479277610779,0.008014347861239158,2.079436230933529,2.1416962050843513,1.0283775970373843
AC_C_minus_A,final,15,87,0.964661575596908,0.9654706716537476,0.0069244832247145555,2.259782262232112,2.2969079565727846,1.0144085847874764
AC_C_minus_A,final,16,87,0.9681469065019455,0.9692981839179993,0.005400160899620965,2.597450999007828,2.5638760862679315,0.9853223055853779
AC_C_minus_A,final,17,87,0.9698357212132421,0.970266580581665,0.006552816722787561,3.8139001939488555,3.523977586592751,0.925163954022501
AC_C_minus_A,final,18,87,0.9694625625665161,0.9737793803215027,0.020551644330132735,14.286489124955802,14.427081908302746,1.0102045303846277
AC_C_minus_A,final,19,87,0.9751701190553862,0.9799292087554932,0.012649360158879982,22.35405848492151,23.52088456866385,1.0540228723269676
AC_C_minus_A,final,20,87,0.9771440227826437,0.9813007712364197,0.010583256874928197,33.044491406144765,35.01891015589922,1.063193927057472
AC_C_minus_A,final,21,87,0.9775095582008362,0.9820942878723145,0.011902926774192373,41.767735426453335,44.31377351695094,1.0643194658893027
AC_C_minus_A,final,22,87,0.98060577422723,0.9839454889297485,0.010198505417788906,55.27784128298705,59.268215398678834,1.076455126923407
AC_C_minus_A,final,23,87,0.9823472417634109,0.9853105545043945,0.009356549425392215,69.26590838377503,76.01053321224519,1.1037119674126248
AC_C_minus_A,final,24,87,0.9829408334589552,0.986025869846344,0.009452146159308396,81.23883674884665,88.1383777486867,1.0907975443287838
AC_C_minus_A,final,25,87,0.9831305379155039,0.9870263934135437,0.009791091800416806,97.036793237445,104.31992326933762,1.0799166264182711
AC_C_minus_A,final,26,87,0.9836425315374615,0.9883009791374207,0.01042257234584162,117.35280328509451,125.04517548659751,1.0696041555943794
AC_C_minus_A,final,27,87,0.9852947825672983,0.9902830123901367,0.010656367531748097,110.38379936656733,115.55921646644329,1.0500055221839204
AC_C_minus_A,purpose_last,0,87,0.999996996473992,0.9999970197677612,3.6780487123218183e-07,13.840692684568207,13.839662628612299,0.9999287440433268
AC_C_minus_A,purpose_last,1,87,0.9999943992187237,0.9999943971633911,2.1492576418026746e-06,22.235733218576716,22.224909661830157,0.9996058440069484
AC_C_minus_A,purpose_last,2,87,0.9999910771161661,0.9999914169311523,2.8044855558121244e-06,31.982044219970703,31.952320076953406,0.9991220242242425
AC_C_minus_A,purpose_last,3,87,0.9999855469013083,0.9999859929084778,4.5307450669473685e-06,39.67272278358196,39.693603384083715,1.0005947354304425
AC_C_minus_A,purpose_last,4,87,0.9999809861183167,0.9999818801879883,4.88126302341063e-06,45.24265806702362,45.29134430282417,1.001118607523772
AC_C_minus_A,purpose_last,5,87,0.999974733796613,0.9999759197235107,7.911622967131395e-06,46.98207684220939,47.032094451202745,1.0011195863523397
AC_C_minus_A,purpose_last,6,87,0.9999500314394633,0.9999523162841797,1.4544174312852016e-05,50.15416213287704,50.17813978524044,1.000516551681847
AC_C_minus_A,purpose_last,7,87,0.9999504486719767,0.9999518394470215,1.299011986324234e-05,56.76624771644329,56.81615312072052,1.000883801384198
AC_C_minus_A,purpose_last,8,87,0.9999344342056362,0.9999315738677979,1.5052455654558504e-05,61.23651666750853,61.263408792429956,1.0004486343571093
AC_C_minus_A,purpose_last,9,87,0.999917287251045,0.9999173879623413,2.3586125844902483e-05,59.290331917247556,59.31166453745173,1.0003540043434218
AC_C_minus_A,purpose_last,10,87,0.9998990160295333,0.9999045133590698,3.3250843604097374e-05,58.872888499292834,58.8741183226136,1.0000310881644419
AC_C_minus_A,purpose_last,11,87,0.9998750823667679,0.999889612197876,4.0617624129204726e-05,62.32021985108825,62.30009618298761,0.9996732722020681
AC_C_minus_A,purpose_last,12,87,0.9998524935766199,0.9998699426651001,4.4485270413132795e-05,64.00907170087442,63.98643068335522,0.9996283386289694
AC_C_minus_A,purpose_last,13,87,0.9998185662017471,0.9998285174369812,4.846185981796394e-05,65.76093958712173,65.74769636132251,0.9997787571505727
AC_C_minus_A,purpose_last,14,87,0.9997876937361969,0.9998009204864502,5.5254247849395667e-05,67.31914476416577,67.28532650826992,0.9994930842371635
AC_C_minus_A,purpose_last,15,87,0.9997527770612432,0.9997559785842896,6.610234281416331e-05,70.72487429914803,70.65705722501909,0.9990383103558272
AC_C_minus_A,purpose_last,16,87,0.9997027249171816,0.9997261166572571,8.328470920691978e-05,72.37612467798694,72.29522946237148,0.998877381784937
AC_C_minus_A,purpose_last,17,87,0.9996466849042082,0.9996718168258667,9.331689927293067e-05,76.23468280660695,76.1473274669428,0.9988237123800313
AC_C_minus_A,purpose_last,18,87,0.9996403263903212,0.9996658563613892,9.728898073588181e-05,78.79631007402793,78.69317916343952,0.9986523772224741
AC_C_minus_A,purpose_last,19,87,0.999618250063096,0.9996402859687805,9.67849159346317e-05,83.22073267794204,83.10816104932763,0.9986129692114162
AC_C_minus_A,purpose_last,20,87,0.9996122608239624,0.9996170401573181,8.86067112195007e-05,96.16482026549592,96.04469132697446,0.9987171969198989
AC_C_minus_A,purpose_last,21,87,0.9995800147111389,0.9995908141136169,0.00010343285815686371,114.26757488031497,114.05861672587778,0.9981674553995888
AC_C_minus_A,purpose_last,22,87,0.999517627831163,0.9995286464691162,0.0001187952713604769,131.39524569456606,131.12639039138267,0.9980017198949968
AC_C_minus_A,purpose_last,23,87,0.9995093996497406,0.999517560005188,0.00012654668772239537,158.78847021344063,158.32744975473688,0.9971734498686086
AC_C_minus_A,purpose_last,24,87,0.9993596926502798,0.9993793368339539,0.000162266777841938,178.43380649610498,178.09317191989942,0.9982324936569361
AC_C_minus_A,purpose_last,25,87,0.9991568326950073,0.9991605281829834,0.00021803454941002006,201.13412019576148,201.02190372861665,0.999610063764337
AC_C_minus_A,purpose_last,26,87,0.9986571546258598,0.9986652731895447,0.0003057952855230014,229.86009268925108,229.8879271759384,1.0003281182667363
AC_C_minus_A,purpose_last,27,87,0.9979476613559942,0.9981370568275452,0.0007580325965715812,178.45572776355962,181.88897178912984,1.0194607038639512
AC_C_minus_A,recipient_last,0,87,-0.0008180532818553092,0.0,0.011865344687853207,0.000800614036491205,0.0006924705933137186,0.0943776621506992
AC_C_minus_A,recipient_last,1,87,0.0011240745541350595,0.0,0.023687496895271613,0.0017617257076433335,0.0016730489401981749,0.10183065978415519
AC_C_minus_A,recipient_last,2,87,0.0004171572047574767,0.0,0.01372948523690715,0.0023648403799054266,0.002251352322683937,0.1004667701987982
AC_C_minus_A,recipient_last,3,87,-0.002024391815922726,0.0,0.012861424449015493,0.003028228793336057,0.00282335692438586,0.09772666336275454
AC_C_minus_A,recipient_last,4,87,-0.0008830493449865058,0.0,0.0147992331341933,0.0036020220482143863,0.003440088346257977,0.09943585157759437
AC_C_minus_A,recipient_last,5,87,-0.0008895187906321438,0.0,0.009713098276001314,0.004479110240936279,0.004196159584426332,0.09780732883532525
AC_C_minus_A,recipient_last,6,87,0.0007872147399974966,0.0,0.02397383169223786,0.005588208464370377,0.005080027313067995,0.09482223659707817
AC_C_minus_A,recipient_last,7,87,0.0017217721832894731,0.0,0.02369444370423835,0.006177334093499458,0.005527247771106917,0.09385728558009895
AC_C_minus_A,recipient_last,8,87,0.0006171230911866002,0.0,0.02305348209744887,0.007071806867232268,0.006580668019837347,0.09736686220817144
AC_C_minus_A,recipient_last,9,87,-0.0054885877788751975,0.0,0.03324955462893227,0.007430568251801634,0.006844950989745129,0.09607983371608167
AC_C_minus_A,recipient_last,10,87,-0.012186937119768954,0.0,0.044222647907549324,0.007953542059865492,0.007482496143757612,0.09861491578556084
AC_C_minus_A,recipient_last,11,87,-0.012508050035471204,0.0,0.0416338322207879,0.008707304196111086,0.00803848347444644,0.09630149990701516
AC_C_minus_A,recipient_last,12,87,-0.007048225265809859,0.0,0.045847411640736156,0.00958490988303875,0.008818453670233145,0.09671076101121372
AC_C_minus_A,recipient_last,13,87,-0.010682226040925103,0.0,0.04225135505035988,0.010286972697438865,0.009676335871904746,0.0985446830819838
AC_C_minus_A,recipient_last,14,87,-0.007824429150285393,0.0,0.03007792610224997,0.010916227581857264,0.010331515950718146,0.09898892844631885
AC_C_minus_A,recipient_last,15,87,-0.008744552314024547,0.0,0.0336340070548066,0.011813608137355453,0.011583536178216168,0.10244442667363339
AC_C_minus_A,recipient_last,16,87,-0.003665389685795225,0.0,0.025579204891669916,0.012722705030578306,0.012216211906794843,0.1003538737959187
AC_C_minus_A,recipient_last,17,87,-0.002182333976372905,0.0,0.017123897437942955,0.013723156318582338,0.013405783251784313,0.10192021976964734
AC_C_minus_A,recipient_last,18,87,-0.0021059281867125937,0.0,0.03233944170724932,0.014245218929203078,0.014365946424418482,0.10519860940850596
AC_C_minus_A,recipient_last,19,87,0.00017067224814974028,0.0,0.03549448002499745,0.015530883066955653,0.015482336625285533,0.1038380551263863
AC_C_minus_A,recipient_last,20,87,0.00040753382718426056,0.0,0.02874720458059481,0.017508148633200545,0.018229091475749838,0.10891801123954103
AC_C_minus_A,recipient_last,21,87,0.001600295647807505,0.0,0.02428462035014199,0.021309697251210267,0.021943813082815587,0.10691811596641544
AC_C_minus_A,recipient_last,22,87,0.0006002713123272205,0.0,0.019334867903968992,0.025841939038243788,0.026570569852302814,0.10666595263071213
AC_C_minus_A,recipient_last,23,87,-0.0008101273199607586,0.0,0.019372906678997832,0.031245943458600975,0.032616413187706604,0.10796427409275924
AC_C_minus_A,recipient_last,24,87,-0.010510722410747375,0.0,0.058893460530382094,0.04133340305295484,0.04135605281796949,0.10427057551118739
AC_C_minus_A,recipient_last,25,87,-0.008966430764773796,0.0,0.05883188881198061,0.04966387529482787,0.05157666918875157,0.10780135325540564
AC_C_minus_A,recipient_last,26,87,-0.020086880644847607,0.0,0.08214185030676927,0.0768599359468482,0.06985933890287903,0.09703107047304663
AC_C_minus_A,recipient_last,27,87,-0.028576489452315473,0.0,0.11295508523413071,0.09234944705305428,0.08012041346780185,0.09511559308304332
AD_D_minus_A,final,0,190,0.9994135517823068,0.9995166063308716,0.0003424445215919559,0.2626915044690433,0.26156648695468904,0.9957311171833597
AD_D_minus_A,final,1,190,0.9943044078977484,0.9946039617061615,0.0017883715372644944,0.3549136854316059,0.3569664850831032,1.0056074300367421
AD_D_minus_A,final,2,190,0.9935232099733855,0.9936420917510986,0.0016784157339498852,0.49952218626674855,0.49621225720957707,0.9930117001898731
AD_D_minus_A,final,3,190,0.9894585452581707,0.989640086889267,0.0024666086449065556,0.5872487609323702,0.592370795105633,1.007939454621687
AD_D_minus_A,final,4,190,0.9832799716999656,0.984249472618103,0.00453843733457785,0.7360225610042873,0.7453025766109166,1.0120935888483131
AD_D_minus_A,final,5,190,0.980364811106732,0.9808272421360016,0.004550458894404898,0.8321936146209115,0.8493576310182872,1.0203419424094662
AD_D_minus_A,final,6,190,0.981274425042303,0.9820688962936401,0.003986043481247975,0.9136757166762101,0.9248538588222704,1.0121817402736437
AD_D_minus_A,final,7,190,0.9848357304146416,0.9852780997753143,0.002488789019400599,1.093423898282804,1.1232296093514091,1.0272827306240508
AD_D_minus_A,final,8,190,0.9826580229558443,0.9828214347362518,0.0025840148316153334,1.3701258006848787,1.4008352270251827,1.0224037711827267
AD_D_minus_A,final,9,190,0.9796680073989065,0.9795922338962555,0.0034920328017452856,1.3872345745563508,1.4288787066936492,1.029904846805259
AD_D_minus_A,final,10,190,0.9717738901313983,0.9719944596290588,0.004385418557801924,1.5836849689483643,1.6362219804211666,1.032704167072011
AD_D_minus_A,final,11,190,0.9649302319476479,0.9662618339061737,0.00602184174570928,1.7021657222195676,1.7958853269878188,1.0549463531774612
AD_D_minus_A,final,12,190,0.9601052287377809,0.9622553288936615,0.00941644021350048,1.84099207740081,1.8842459540618093,1.0225901599521348
AD_D_minus_A,final,13,190,0.9605609256970254,0.9636271595954895,0.01096871688227586,2.1372227913454958,2.188366995359722,1.0234928723791223
AD_D_minus_A,final,14,190,0.9648300318341506,0.9676238000392914,0.00911720887735307,2.594852859095523,2.657374147992385,1.0239904415078693
AD_D_minus_A,final,15,190,0.9660876725849352,0.9688405096530914,0.008365231703262858,2.837459071058976,2.8524665506262528,1.0051977217699475
AD_D_minus_A,final,16,190,0.9696541585420307,0.9714463949203491,0.007236593753304957,3.2809623153586136,3.2216673173402484,0.9821144353954305
AD_D_minus_A,final,17,190,0.9691139425102033,0.9706050753593445,0.0073948113089603576,4.70223822593689,4.333869575199328,0.924450514230793
AD_D_minus_A,final,18,190,0.9726471875843249,0.9781550168991089,0.018913515145490126,17.270310637825414,17.340233551828486,1.0035252507374377
AD_D_minus_A,final,19,190,0.976714268169905,0.980872631072998,0.01724411451171113,26.730134361668636,27.655399869617664,1.035913111922855
AD_D_minus_A,final,20,190,0.9773486118567617,0.9811059534549713,0.016420191731786726,38.70153324729518,39.843727357763996,1.0317270002980163
AD_D_minus_A,final,21,190,0.9781227845894663,0.9828770160675049,0.018015937229417654,48.47247088080958,49.87189312985069,1.0313357681091317
AD_D_minus_A,final,22,190,0.9807659773450149,0.9853740334510803,0.017329235514884953,64.25411635449058,67.0494890112626,1.0473519410707983
AD_D_minus_A,final,23,190,0.982373624412637,0.9867954850196838,0.017110822633333498,80.15767257088109,85.45838578876696,1.071664482638459
AD_D_minus_A,final,24,190,0.9831354106727399,0.9875756204128265,0.01631627962432975,94.10656696118807,99.59672827469676,1.0637301434477768
AD_D_minus_A,final,25,190,0.9836652724366439,0.9881826043128967,0.01617894720013279,112.20550506993344,118.00396469517759,1.056402054855169
AD_D_minus_A,final,26,190,0.98439174702293,0.9890376329421997,0.015949170557600017,134.73951963123523,140.98072946448076,1.0500790281203563
AD_D_minus_A,final,27,190,0.9859711621936998,0.9899734258651733,0.014179624611985296,125.70071445264314,130.5931864186337,1.041451706841631
AD_D_minus_A,purpose_last,0,190,0.9999970806272407,0.999997079372406,3.1942268252763273e-07,14.044091621198152,14.04291265889218,0.9999197612370436
AD_D_minus_A,purpose_last,1,190,0.9999949050577064,0.9999951124191284,1.5548153904953466e-06,22.75852054294787,22.745056297904565,0.9995199746149926
AD_D_minus_A,purpose_last,2,190,0.9999916233514484,0.9999919235706329,3.0113706529476257e-06,31.061493793286775,31.038232612609864,0.9993082466185372
AD_D_minus_A,purpose_last,3,190,0.9999858787185267,0.9999869763851166,5.570894433804932e-06,39.70538089149877,39.735692194888465,1.000865758180074
AD_D_minus_A,purpose_last,4,190,0.9999817117264397,0.9999828934669495,6.54493710561952e-06,45.24923005355032,45.30555795368395,1.0013119101138848
AD_D_minus_A,purpose_last,5,190,0.9999759037243693,0.9999773502349854,8.532215387870973e-06,47.123575732582495,47.181554995085065,1.001312434683037
AD_D_minus_A,purpose_last,6,190,0.9999495220811744,0.9999514222145081,1.7300550964173936e-05,50.16721733494809,50.194991844578794,1.000613662528516
AD_D_minus_A,purpose_last,7,190,0.9999508308736902,0.9999541342258453,1.741931175751963e-05,57.423071148521025,57.469417812949736,1.000809966297436
AD_D_minus_A,purpose_last,8,190,0.9999352081825859,0.9999382793903351,2.0718629063934187e-05,61.133832951595906,61.16785691913805,1.0005607491062332
AD_D_minus_A,purpose_last,9,190,0.9999176894363604,0.9999246895313263,3.249926339821881e-05,59.162713422273335,59.19376463639109,1.0005264725347554
AD_D_minus_A,purpose_last,10,190,0.9999001625337098,0.99991175532341,4.458025168551593e-05,58.81214669880114,58.81441449617085,1.0000524031979434
AD_D_minus_A,purpose_last,11,190,0.9998791261723167,0.9998926818370819,4.7510802109241464e-05,61.69588837874563,61.685713577270505,0.999832110093098
AD_D_minus_A,purpose_last,12,190,0.9998624450282046,0.9998756051063538,5.154842719003724e-05,63.077737507067226,63.07389532390394,0.9999292306973757
AD_D_minus_A,purpose_last,13,190,0.999825321059478,0.9998388290405273,5.545926090238497e-05,64.97928384479724,64.94286892539577,0.9994317469720042
AD_D_minus_A,purpose_last,14,190,0.999799519777298,0.9998118877410889,6.571670615628528e-05,66.34647264982524,66.28852310180665,0.9991249047431392
AD_D_minus_A,purpose_last,15,190,0.9997689730242679,0.9997838139533997,7.081911696786817e-05,69.30530293113307,69.21105906837865,0.998639212410419
AD_D_minus_A,purpose_last,16,190,0.9997264162490243,0.9997500777244568,8.770452375664007e-05,70.81320760626542,70.70729193436472,0.9985018754942114
AD_D_minus_A,purpose_last,17,190,0.9996836427010988,0.9997040629386902,0.0001016264900367055,74.32084181936163,74.18901660316868,0.998213232088919
AD_D_minus_A,purpose_last,18,190,0.9996713296363228,0.9996951222419739,0.00011303427161958077,76.77758913542095,76.6336948595549,0.9981071073989854
AD_D_minus_A,purpose_last,19,190,0.9996363784137525,0.9996645450592041,0.00012393889286196248,80.50719247115286,80.35963869596783,0.9981550077564374
AD_D_minus_A,purpose_last,20,190,0.999625478606475,0.9996531307697296,0.00011726134898799904,93.87615914595754,93.7077392578125,0.9981886900268843
AD_D_minus_A,purpose_last,21,190,0.9995773406405198,0.9996019303798676,0.00013117360292076705,110.94751558805767,110.68438913445723,0.9976245399342774
AD_D_minus_A,purpose_last,22,190,0.9995097530515571,0.9995385408401489,0.00015335412126968846,127.34412805657638,127.02507452713816,0.9975206264745068
AD_D_minus_A,purpose_last,23,190,0.9995085493514412,0.9995439350605011,0.0001639982676048683,154.81677069413035,154.28639502274362,0.9966037964333989
AD_D_minus_A,purpose_last,24,190,0.9993507491914849,0.9993906319141388,0.0002037227108208644,173.30323454204358,172.88987474943463,0.9976641555633111
AD_D_minus_A,purpose_last,25,190,0.9991398792517813,0.9991900026798248,0.0002617972841550759,194.78355769107216,194.58503964072779,0.9990412489259651
AD_D_minus_A,purpose_last,26,190,0.9986025289485329,0.9986551403999329,0.00035937300207249036,223.22837082712275,223.1189522191098,0.9996066156439859
AD_D_minus_A,purpose_last,27,190,0.997970563173294,0.9980510175228119,0.000559076041828657,176.76114092375101,180.4340765702097,1.0209447947340298
AD_D_minus_A,recipient_last,0,190,0.9999966141424681,0.9999967217445374,7.720265234190518e-07,15.18541115208676,15.179985357585705,0.9996401290941593
AD_D_minus_A,recipient_last,1,190,0.9999944206915403,0.9999949932098389,2.4568104487038434e-06,25.764984532406455,25.752112217953332,0.9995177366643225
AD_D_minus_A,recipient_last,2,190,0.9999884668149446,0.9999890327453613,3.6035369506567435e-06,31.602963056062396,31.61197597102115,1.0002554309267384
AD_D_minus_A,recipient_last,3,190,0.9999831645112288,0.999983936548233,4.175448531855657e-06,37.80587928169652,37.84310094933761,1.00097513573927
AD_D_minus_A,recipient_last,4,190,0.9999790063029841,0.9999797344207764,5.293027396212367e-06,42.2292505364669,42.27911712244937,1.0011685495819438
AD_D_minus_A,recipient_last,5,190,0.9999716466978976,0.9999731779098511,6.641944799888126e-06,42.29228674236097,42.3403773659154,1.0011283003509537
AD_D_minus_A,recipient_last,6,190,0.9999482948529093,0.9999506175518036,1.0316548277806212e-05,46.266331281160056,46.27617344103361,1.000206960635244
AD_D_minus_A,recipient_last,7,190,0.9999453205811349,0.9999464154243469,1.2526374518259067e-05,50.94179093210321,50.9732514030055,1.0006001318785704
AD_D_minus_A,recipient_last,8,190,0.9999273115082791,0.9999279677867889,1.7307563727650523e-05,54.31345391524466,54.31280501516242,0.9999747817951116
AD_D_minus_A,recipient_last,9,190,0.9999107674548501,0.9999105334281921,2.180510455469966e-05,51.42414056878341,51.39978266264263,0.9995188572029648
AD_D_minus_A,recipient_last,10,190,0.9998915942091691,0.9998949468135834,2.8087188279137748e-05,51.553487998560854,51.50396274767424,0.9990220817392425
AD_D_minus_A,recipient_last,11,190,0.999860818135111,0.9998661279678345,3.501215194947264e-05,53.31610846268503,53.26280302750437,0.9989844463426399
AD_D_minus_A,recipient_last,12,190,0.999826767570094,0.9998312592506409,4.5306877864257425e-05,55.84184186835038,55.7664301420513,0.9986292227240493
AD_D_minus_A,recipient_last,13,190,0.9997853103436922,0.9997889995574951,5.2737248240940235e-05,57.886287769518404,57.76487717879446,0.9978737529098857
AD_D_minus_A,recipient_last,14,190,0.9997499158507899,0.9997554421424866,6.0539392884503255e-05,58.85122210853978,58.70244034215024,0.9974425565706209
AD_D_minus_A,recipient_last,15,190,0.9997042790839546,0.9997135400772095,7.707122317301033e-05,60.67478296380294,60.49270672045256,0.9969787716824021
AD_D_minus_A,recipient_last,16,190,0.9996577554627468,0.9996721744537354,8.988181708868636e-05,61.549342888279966,61.3505214289615,0.9967641847010262
AD_D_minus_A,recipient_last,17,190,0.9995828732063896,0.9996083378791809,0.00012248264176153604,64.59342310052169,64.36899163095575,0.9965335713525532
AD_D_minus_A,recipient_last,18,190,0.9995732756037461,0.999601274728775,0.00013067179165541132,66.48638458251953,66.24964420920924,0.9964566165308991
AD_D_minus_A,recipient_last,19,190,0.9995128154754639,0.9995430111885071,0.00016250827074344723,69.22857342770224,68.94907591970343,0.9959766764663371
AD_D_minus_A,recipient_last,20,190,0.9994896490322916,0.9995216131210327,0.00018096457874114784,79.31724287334241,79.02285644129702,0.9963104729435978
AD_D_minus_A,recipient_last,21,190,0.9994276049890016,0.9994572997093201,0.0002126129651973226,91.99074538381475,91.64687154669511,0.9962856099923424
AD_D_minus_A,recipient_last,22,190,0.9993137820770867,0.9993504881858826,0.00025530845433308156,105.19137846294203,104.78904049521998,0.9961940563465062
AD_D_minus_A,recipient_last,23,190,0.9992670015284889,0.9993307590484619,0.00027479386334067885,127.82880301224559,127.30116195678711,0.9958692974974584
AD_D_minus_A,recipient_last,24,190,0.9990469345920965,0.999121904373169,0.0003392045917885207,143.13711314954256,142.58492716739053,0.9961858410440928
AD_D_minus_A,recipient_last,25,190,0.9987402426569085,0.9988073408603668,0.00040868975963596747,162.23709608379164,161.6353740089818,0.9963606258036295
AD_D_minus_A,recipient_last,26,190,0.9980429090951618,0.9980967938899994,0.0005956540857578648,187.08210272538034,186.33314401726975,0.9961365512664174
AD_D_minus_A,recipient_last,27,190,0.9970560061304192,0.9972803592681885,0.0011972733998052009,176.05840004368832,178.03848073858964,1.0119522554950031
