component,layer,mode,alpha,control_type,n,normal_margin_mean,intervened_margin_mean,delta_toward_yes_mean,no_to_yes_flips,no_to_yes_flip_rate
attn,0,remove_positive,0.5,random_direction_0,95,-0.6588815789473684,-0.6578947368421053,0.000986842105263158,1,0.010526315789473684
attn,0,remove_positive,0.5,real_direction,95,-0.6588815789473684,-0.6588815789473684,0.0,0,0.0
attn,0,remove_positive,1.0,random_direction_0,95,-0.6588815789473684,-0.655921052631579,0.0029605263157894738,1,0.010526315789473684
attn,0,remove_positive,1.0,real_direction,95,-0.6588815789473684,-0.6588815789473684,0.0,0,0.0
attn,0,remove_positive,1.5,random_direction_0,95,-0.6588815789473684,-0.6575657894736842,0.0013157894736842105,1,0.010526315789473684
attn,0,remove_positive,1.5,real_direction,95,-0.6588815789473684,-0.6588815789473684,0.0,0,0.0
attn,1,remove_positive,0.5,random_direction_0,95,-0.6588815789473684,-0.656578947368421,0.002302631578947368,1,0.010526315789473684
attn,1,remove_positive,0.5,real_direction,95,-0.6588815789473684,-0.6588815789473684,0.0,0,0.0
attn,1,remove_positive,1.0,random_direction_0,95,-0.6588815789473684,-0.6555921052631579,0.003289473684210526,1,0.010526315789473684
attn,1,remove_positive,1.0,real_direction,95,-0.6588815789473684,-0.6588815789473684,0.0,0,0.0
attn,1,remove_positive,1.5,random_direction_0,95,-0.6588815789473684,-0.6588815789473684,0.0,1,0.010526315789473684
attn,1,remove_positive,1.5,real_direction,95,-0.6588815789473684,-0.6588815789473684,0.0,0,0.0
attn,2,remove_positive,0.5,random_direction_0,95,-0.6588815789473684,-0.6588815789473684,0.0,0,0.0
attn,2,remove_positive,0.5,real_direction,95,-0.6588815789473684,-0.6542763157894737,0.004605263157894736,1,0.010526315789473684
attn,2,remove_positive,1.0,random_direction_0,95,-0.6588815789473684,-0.6588815789473684,0.0,0,0.0
attn,2,remove_positive,1.0,real_direction,95,-0.6588815789473684,-0.6526315789473685,0.00625,1,0.010526315789473684
attn,2,remove_positive,1.5,random_direction_0,95,-0.6588815789473684,-0.6588815789473684,0.0,0,0.0
attn,2,remove_positive,1.5,real_direction,95,-0.6588815789473684,-0.6539473684210526,0.004934210526315789,1,0.010526315789473684
attn,3,remove_positive,0.5,random_direction_0,95,-0.6588815789473684,-0.6575657894736842,0.0013157894736842105,1,0.010526315789473684
attn,3,remove_positive,0.5,real_direction,95,-0.6588815789473684,-0.6526315789473685,0.00625,1,0.010526315789473684
attn,3,remove_positive,1.0,random_direction_0,95,-0.6588815789473684,-0.6546052631578947,0.0042763157894736845,1,0.010526315789473684
attn,3,remove_positive,1.0,real_direction,95,-0.6588815789473684,-0.6516447368421052,0.007236842105263158,1,0.010526315789473684
attn,3,remove_positive,1.5,random_direction_0,95,-0.6588815789473684,-0.6536184210526316,0.005263157894736842,1,0.010526315789473684
attn,3,remove_positive,1.5,real_direction,95,-0.6588815789473684,-0.6486842105263158,0.010197368421052632,1,0.010526315789473684
attn,4,remove_positive,0.5,random_direction_0,95,-0.6588815789473684,-0.65625,0.002631578947368421,0,0.0
attn,4,remove_positive,0.5,real_direction,95,-0.6588815789473684,-0.6585526315789474,0.0003289473684210526,1,0.010526315789473684
attn,4,remove_positive,1.0,random_direction_0,95,-0.6588815789473684,-0.6588815789473684,0.0,1,0.010526315789473684
attn,4,remove_positive,1.0,real_direction,95,-0.6588815789473684,-0.656578947368421,0.002302631578947368,1,0.010526315789473684
attn,4,remove_positive,1.5,random_direction_0,95,-0.6588815789473684,-0.65625,0.002631578947368421,0,0.0
attn,4,remove_positive,1.5,real_direction,95,-0.6588815789473684,-0.6569078947368421,0.001973684210526316,0,0.0
attn,5,remove_positive,0.5,random_direction_0,95,-0.6588815789473684,-0.6585526315789474,0.0003289473684210526,0,0.0
attn,5,remove_positive,0.5,real_direction,95,-0.6588815789473684,-0.6588815789473684,0.0,0,0.0
attn,5,remove_positive,1.0,random_direction_0,95,-0.6588815789473684,-0.6592105263157895,-0.0003289473684210526,0,0.0
attn,5,remove_positive,1.0,real_direction,95,-0.6588815789473684,-0.6588815789473684,0.0,0,0.0
attn,5,remove_positive,1.5,random_direction_0,95,-0.6588815789473684,-0.6588815789473684,0.0,0,0.0
attn,5,remove_positive,1.5,real_direction,95,-0.6588815789473684,-0.6588815789473684,0.0,0,0.0
attn,6,remove_positive,0.5,random_direction_0,95,-0.6588815789473684,-0.6588815789473684,0.0,0,0.0
attn,6,remove_positive,0.5,real_direction,95,-0.6588815789473684,-0.6490131578947368,0.009868421052631578,1,0.010526315789473684
attn,6,remove_positive,1.0,random_direction_0,95,-0.6588815789473684,-0.6588815789473684,0.0,0,0.0
attn,6,remove_positive,1.0,real_direction,95,-0.6588815789473684,-0.6490131578947368,0.009868421052631578,2,0.021052631578947368
attn,6,remove_positive,1.5,random_direction_0,95,-0.6588815789473684,-0.6588815789473684,0.0,0,0.0
attn,6,remove_positive,1.5,real_direction,95,-0.6588815789473684,-0.6440789473684211,0.014802631578947368,1,0.010526315789473684
attn,7,remove_positive,0.5,random_direction_0,95,-0.6588815789473684,-0.65625,0.002631578947368421,0,0.0
attn,7,remove_positive,0.5,real_direction,95,-0.6588815789473684,-0.6375,0.02138157894736842,3,0.031578947368421054
attn,7,remove_positive,1.0,random_direction_0,95,-0.6588815789473684,-0.6552631578947369,0.003618421052631579,1,0.010526315789473684
attn,7,remove_positive,1.0,real_direction,95,-0.6588815789473684,-0.6197368421052631,0.03914473684210526,5,0.05263157894736842
attn,7,remove_positive,1.5,random_direction_0,95,-0.6588815789473684,-0.6552631578947369,0.003618421052631579,1,0.010526315789473684
attn,7,remove_positive,1.5,real_direction,95,-0.6588815789473684,-0.6016447368421053,0.057236842105263155,5,0.05263157894736842
attn,8,remove_positive,0.5,random_direction_0,95,-0.6588815789473684,-0.6546052631578947,0.0042763157894736845,1,0.010526315789473684
attn,8,remove_positive,0.5,real_direction,95,-0.6588815789473684,-0.6588815789473684,0.0,0,0.0
attn,8,remove_positive,1.0,random_direction_0,95,-0.6588815789473684,-0.6516447368421052,0.007236842105263158,1,0.010526315789473684
attn,8,remove_positive,1.0,real_direction,95,-0.6588815789473684,-0.6588815789473684,0.0,0,0.0
attn,8,remove_positive,1.5,random_direction_0,95,-0.6588815789473684,-0.6539473684210526,0.004934210526315789,1,0.010526315789473684
attn,8,remove_positive,1.5,real_direction,95,-0.6588815789473684,-0.6588815789473684,0.0,0,0.0
attn,9,remove_positive,0.5,random_direction_0,95,-0.6588815789473684,-0.6585526315789474,0.0003289473684210526,0,0.0
attn,9,remove_positive,0.5,real_direction,95,-0.6588815789473684,-0.6404605263157894,0.018421052631578946,2,0.021052631578947368
attn,9,remove_positive,1.0,random_direction_0,95,-0.6588815789473684,-0.6592105263157895,-0.0003289473684210526,0,0.0
attn,9,remove_positive,1.0,real_direction,95,-0.6588815789473684,-0.6292763157894737,0.029605263157894735,3,0.031578947368421054
attn,9,remove_positive,1.5,random_direction_0,95,-0.6588815789473684,-0.6585526315789474,0.0003289473684210526,0,0.0
attn,9,remove_positive,1.5,real_direction,95,-0.6588815789473684,-0.6157894736842106,0.0430921052631579,5,0.05263157894736842
attn,10,remove_positive,0.5,random_direction_0,95,-0.6588815789473684,-0.6588815789473684,0.0,0,0.0
attn,10,remove_positive,0.5,real_direction,95,-0.6588815789473684,-0.6519736842105263,0.006907894736842105,1,0.010526315789473684
attn,10,remove_positive,1.0,random_direction_0,95,-0.6588815789473684,-0.6588815789473684,0.0,0,0.0
attn,10,remove_positive,1.0,real_direction,95,-0.6588815789473684,-0.6509868421052631,0.007894736842105263,2,0.021052631578947368
attn,10,remove_positive,1.5,random_direction_0,95,-0.6588815789473684,-0.6588815789473684,0.0,0,0.0
attn,10,remove_positive,1.5,real_direction,95,-0.6588815789473684,-0.6486842105263158,0.010197368421052632,1,0.010526315789473684
attn,11,remove_positive,0.5,random_direction_0,95,-0.6588815789473684,-0.6582236842105263,0.0006578947368421052,0,0.0
attn,11,remove_positive,0.5,real_direction,95,-0.6588815789473684,-0.6335526315789474,0.02532894736842105,1,0.010526315789473684
attn,11,remove_positive,1.0,random_direction_0,95,-0.6588815789473684,-0.6552631578947369,0.003618421052631579,0,0.0
attn,11,remove_positive,1.0,real_direction,95,-0.6588815789473684,-0.6085526315789473,0.05032894736842105,5,0.05263157894736842
attn,11,remove_positive,1.5,random_direction_0,95,-0.6588815789473684,-0.6582236842105263,0.0006578947368421052,0,0.0
attn,11,remove_positive,1.5,real_direction,95,-0.6588815789473684,-0.5861842105263158,0.07269736842105264,5,0.05263157894736842
attn,12,remove_positive,0.5,random_direction_0,95,-0.6588815789473684,-0.6595394736842105,-0.0006578947368421052,0,0.0
attn,12,remove_positive,0.5,real_direction,95,-0.6588815789473684,-0.6588815789473684,0.0,0,0.0
attn,12,remove_positive,1.0,random_direction_0,95,-0.6588815789473684,-0.6592105263157895,-0.0003289473684210526,0,0.0
attn,12,remove_positive,1.0,real_direction,95,-0.6588815789473684,-0.6585526315789474,0.0003289473684210526,0,0.0
attn,12,remove_positive,1.5,random_direction_0,95,-0.6588815789473684,-0.6588815789473684,0.0,0,0.0
attn,12,remove_positive,1.5,real_direction,95,-0.6588815789473684,-0.6585526315789474,0.0003289473684210526,0,0.0
attn,13,remove_positive,0.5,random_direction_0,95,-0.6588815789473684,-0.6513157894736842,0.007565789473684211,1,0.010526315789473684
attn,13,remove_positive,0.5,real_direction,95,-0.6588815789473684,-0.6338815789473684,0.025,3,0.031578947368421054
attn,13,remove_positive,1.0,random_direction_0,95,-0.6588815789473684,-0.6470394736842106,0.011842105263157895,3,0.031578947368421054
attn,13,remove_positive,1.0,real_direction,95,-0.6588815789473684,-0.6144736842105263,0.044407894736842105,5,0.05263157894736842
attn,13,remove_positive,1.5,random_direction_0,95,-0.6588815789473684,-0.6394736842105263,0.019407894736842107,3,0.031578947368421054
attn,13,remove_positive,1.5,real_direction,95,-0.6588815789473684,-0.5930921052631579,0.06578947368421052,5,0.05263157894736842
attn,14,remove_positive,0.5,random_direction_0,95,-0.6588815789473684,-0.6578947368421053,0.000986842105263158,1,0.010526315789473684
attn,14,remove_positive,0.5,real_direction,95,-0.6588815789473684,-0.6305921052631579,0.028289473684210528,3,0.031578947368421054
attn,14,remove_positive,1.0,random_direction_0,95,-0.6588815789473684,-0.6575657894736842,0.0013157894736842105,1,0.010526315789473684
attn,14,remove_positive,1.0,real_direction,95,-0.6588815789473684,-0.6046052631578948,0.054276315789473686,5,0.05263157894736842
attn,14,remove_positive,1.5,random_direction_0,95,-0.6588815789473684,-0.6585526315789474,0.0003289473684210526,1,0.010526315789473684
attn,14,remove_positive,1.5,real_direction,95,-0.6588815789473684,-0.5789473684210527,0.07993421052631579,6,0.06315789473684211
attn,15,remove_positive,0.5,random_direction_0,95,-0.6588815789473684,-0.6588815789473684,0.0,0,0.0
attn,15,remove_positive,0.5,real_direction,95,-0.6588815789473684,-0.655921052631579,0.0029605263157894738,0,0.0
attn,15,remove_positive,1.0,random_direction_0,95,-0.6588815789473684,-0.6588815789473684,0.0,0,0.0
attn,15,remove_positive,1.0,real_direction,95,-0.6588815789473684,-0.6549342105263158,0.003947368421052632,0,0.0
attn,15,remove_positive,1.5,random_direction_0,95,-0.6588815789473684,-0.6588815789473684,0.0,0,0.0
attn,15,remove_positive,1.5,real_direction,95,-0.6588815789473684,-0.6539473684210526,0.004934210526315789,0,0.0
attn,16,remove_positive,0.5,random_direction_0,95,-0.6588815789473684,-0.6552631578947369,0.003618421052631579,1,0.010526315789473684
attn,16,remove_positive,0.5,real_direction,95,-0.6588815789473684,-0.6414473684210527,0.017434210526315788,0,0.0
attn,16,remove_positive,1.0,random_direction_0,95,-0.6588815789473684,-0.65625,0.002631578947368421,1,0.010526315789473684
attn,16,remove_positive,1.0,real_direction,95,-0.6588815789473684,-0.6226973684210526,0.03618421052631579,3,0.031578947368421054
attn,16,remove_positive,1.5,random_direction_0,95,-0.6588815789473684,-0.655921052631579,0.0029605263157894738,0,0.0
attn,16,remove_positive,1.5,real_direction,95,-0.6588815789473684,-0.6085526315789473,0.05032894736842105,4,0.042105263157894736
attn,17,remove_positive,0.5,random_direction_0,95,-0.6588815789473684,-0.6486842105263158,0.010197368421052632,1,0.010526315789473684
attn,17,remove_positive,0.5,real_direction,95,-0.6588815789473684,-0.6322368421052632,0.026644736842105263,3,0.031578947368421054
attn,17,remove_positive,1.0,random_direction_0,95,-0.6588815789473684,-0.6421052631578947,0.016776315789473684,3,0.031578947368421054
attn,17,remove_positive,1.0,real_direction,95,-0.6588815789473684,-0.6072368421052632,0.051644736842105264,3,0.031578947368421054
attn,17,remove_positive,1.5,random_direction_0,95,-0.6588815789473684,-0.6348684210526315,0.02401315789473684,2,0.021052631578947368
attn,17,remove_positive,1.5,real_direction,95,-0.6588815789473684,-0.5858552631578947,0.07302631578947369,4,0.042105263157894736
attn,18,remove_positive,0.5,random_direction_0,95,-0.6588815789473684,-0.6582236842105263,0.0006578947368421052,1,0.010526315789473684
attn,18,remove_positive,0.5,real_direction,95,-0.6588815789473684,0.4398026315789474,1.0986842105263157,82,0.8631578947368421
attn,18,remove_positive,1.0,random_direction_0,95,-0.6588815789473684,-0.6592105263157895,-0.0003289473684210526,1,0.010526315789473684
attn,18,remove_positive,1.0,real_direction,95,-0.6588815789473684,1.6763157894736842,2.3351973684210527,93,0.9789473684210527
attn,18,remove_positive,1.5,random_direction_0,95,-0.6588815789473684,-0.6625,-0.003618421052631579,1,0.010526315789473684
attn,18,remove_positive,1.5,real_direction,95,-0.6588815789473684,3.0595394736842105,3.718421052631579,95,1.0
attn,19,remove_positive,0.5,random_direction_0,95,-0.6588815789473684,-0.6595394736842105,-0.0006578947368421052,0,0.0
attn,19,remove_positive,0.5,real_direction,95,-0.6588815789473684,-0.6006578947368421,0.058223684210526316,4,0.042105263157894736
attn,19,remove_positive,1.0,random_direction_0,95,-0.6588815789473684,-0.6592105263157895,-0.0003289473684210526,0,0.0
attn,19,remove_positive,1.0,real_direction,95,-0.6588815789473684,-0.5467105263157894,0.11217105263157895,7,0.07368421052631578
attn,19,remove_positive,1.5,random_direction_0,95,-0.6588815789473684,-0.6585526315789474,0.0003289473684210526,0,0.0
attn,19,remove_positive,1.5,real_direction,95,-0.6588815789473684,-0.4911184210526316,0.16776315789473684,9,0.09473684210526316
attn,20,remove_positive,0.5,random_direction_0,95,-0.6588815789473684,-0.6588815789473684,0.0,0,0.0
attn,20,remove_positive,0.5,real_direction,95,-0.6588815789473684,-0.4611842105263158,0.19769736842105262,13,0.1368421052631579
attn,20,remove_positive,1.0,random_direction_0,95,-0.6588815789473684,-0.6588815789473684,0.0,0,0.0
attn,20,remove_positive,1.0,real_direction,95,-0.6588815789473684,-0.2618421052631579,0.39703947368421055,36,0.37894736842105264
attn,20,remove_positive,1.5,random_direction_0,95,-0.6588815789473684,-0.6588815789473684,0.0,0,0.0
attn,20,remove_positive,1.5,real_direction,95,-0.6588815789473684,-0.05263157894736842,0.60625,54,0.5684210526315789
attn,21,remove_positive,0.5,random_direction_0,95,-0.6588815789473684,-0.6529605263157895,0.0059210526315789476,1,0.010526315789473684
attn,21,remove_positive,0.5,real_direction,95,-0.6588815789473684,-0.4911184210526316,0.16776315789473684,12,0.12631578947368421
attn,21,remove_positive,1.0,random_direction_0,95,-0.6588815789473684,-0.6516447368421052,0.007236842105263158,1,0.010526315789473684
attn,21,remove_positive,1.0,real_direction,95,-0.6588815789473684,-0.3213815789473684,0.3375,29,0.30526315789473685
attn,21,remove_positive,1.5,random_direction_0,95,-0.6588815789473684,-0.6523026315789474,0.006578947368421052,1,0.010526315789473684
attn,21,remove_positive,1.5,real_direction,95,-0.6588815789473684,-0.1355263157894737,0.5233552631578947,48,0.5052631578947369
attn,22,remove_positive,0.5,random_direction_0,95,-0.6588815789473684,-0.6575657894736842,0.0013157894736842105,0,0.0
attn,22,remove_positive,0.5,real_direction,95,-0.6588815789473684,-0.6588815789473684,0.0,0,0.0
attn,22,remove_positive,1.0,random_direction_0,95,-0.6588815789473684,-0.6578947368421053,0.000986842105263158,0,0.0
attn,22,remove_positive,1.0,real_direction,95,-0.6588815789473684,-0.6588815789473684,0.0,0,0.0
attn,22,remove_positive,1.5,random_direction_0,95,-0.6588815789473684,-0.6578947368421053,0.000986842105263158,0,0.0
attn,22,remove_positive,1.5,real_direction,95,-0.6588815789473684,-0.6588815789473684,0.0,0,0.0
attn,23,remove_positive,0.5,random_direction_0,95,-0.6588815789473684,-0.6588815789473684,0.0,0,0.0
attn,23,remove_positive,0.5,real_direction,95,-0.6588815789473684,-0.6588815789473684,0.0,0,0.0
attn,23,remove_positive,1.0,random_direction_0,95,-0.6588815789473684,-0.6588815789473684,0.0,0,0.0
attn,23,remove_positive,1.0,real_direction,95,-0.6588815789473684,-0.6588815789473684,0.0,0,0.0
attn,23,remove_positive,1.5,random_direction_0,95,-0.6588815789473684,-0.6588815789473684,0.0,0,0.0
attn,23,remove_positive,1.5,real_direction,95,-0.6588815789473684,-0.6588815789473684,0.0,0,0.0
attn,24,remove_positive,0.5,random_direction_0,95,-0.6588815789473684,-0.6585526315789474,0.0003289473684210526,0,0.0
attn,24,remove_positive,0.5,real_direction,95,-0.6588815789473684,-0.6588815789473684,0.0,0,0.0
attn,24,remove_positive,1.0,random_direction_0,95,-0.6588815789473684,-0.6585526315789474,0.0003289473684210526,0,0.0
attn,24,remove_positive,1.0,real_direction,95,-0.6588815789473684,-0.6588815789473684,0.0,0,0.0
attn,24,remove_positive,1.5,random_direction_0,95,-0.6588815789473684,-0.6592105263157895,-0.0003289473684210526,0,0.0
attn,24,remove_positive,1.5,real_direction,95,-0.6588815789473684,-0.6588815789473684,0.0,0,0.0
attn,25,remove_positive,0.5,random_direction_0,95,-0.6588815789473684,-0.6588815789473684,0.0,0,0.0
attn,25,remove_positive,0.5,real_direction,95,-0.6588815789473684,-0.6305921052631579,0.028289473684210528,3,0.031578947368421054
attn,25,remove_positive,1.0,random_direction_0,95,-0.6588815789473684,-0.6588815789473684,0.0,0,0.0
attn,25,remove_positive,1.0,real_direction,95,-0.6588815789473684,-0.6072368421052632,0.051644736842105264,5,0.05263157894736842
attn,25,remove_positive,1.5,random_direction_0,95,-0.6588815789473684,-0.6588815789473684,0.0,0,0.0
attn,25,remove_positive,1.5,real_direction,95,-0.6588815789473684,-0.5782894736842106,0.0805921052631579,5,0.05263157894736842
attn,26,remove_positive,0.5,random_direction_0,95,-0.6588815789473684,-0.6588815789473684,0.0,0,0.0
attn,26,remove_positive,0.5,real_direction,95,-0.6588815789473684,-0.6588815789473684,0.0,0,0.0
attn,26,remove_positive,1.0,random_direction_0,95,-0.6588815789473684,-0.6588815789473684,0.0,0,0.0
attn,26,remove_positive,1.0,real_direction,95,-0.6588815789473684,-0.6588815789473684,0.0,0,0.0
attn,26,remove_positive,1.5,random_direction_0,95,-0.6588815789473684,-0.6588815789473684,0.0,0,0.0
attn,26,remove_positive,1.5,real_direction,95,-0.6588815789473684,-0.6588815789473684,0.0,0,0.0
attn,27,remove_positive,0.5,random_direction_0,95,-0.6588815789473684,-0.6569078947368421,0.001973684210526316,1,0.010526315789473684
attn,27,remove_positive,0.5,real_direction,95,-0.6588815789473684,-0.6588815789473684,0.0,0,0.0
attn,27,remove_positive,1.0,random_direction_0,95,-0.6588815789473684,-0.6569078947368421,0.001973684210526316,1,0.010526315789473684
attn,27,remove_positive,1.0,real_direction,95,-0.6588815789473684,-0.6588815789473684,0.0,0,0.0
attn,27,remove_positive,1.5,random_direction_0,95,-0.6588815789473684,-0.65625,0.002631578947368421,1,0.010526315789473684
attn,27,remove_positive,1.5,real_direction,95,-0.6588815789473684,-0.6588815789473684,0.0,0,0.0
mlp,0,remove_positive,0.5,random_direction_0,95,-0.6588815789473684,-0.6588815789473684,0.0,0,0.0
mlp,0,remove_positive,0.5,real_direction,95,-0.6588815789473684,-0.6588815789473684,0.0,0,0.0
mlp,0,remove_positive,1.0,random_direction_0,95,-0.6588815789473684,-0.6588815789473684,0.0,0,0.0
mlp,0,remove_positive,1.0,real_direction,95,-0.6588815789473684,-0.6588815789473684,0.0,0,0.0
mlp,0,remove_positive,1.5,random_direction_0,95,-0.6588815789473684,-0.6588815789473684,0.0,0,0.0
mlp,0,remove_positive,1.5,real_direction,95,-0.6588815789473684,-0.6588815789473684,0.0,0,0.0
mlp,1,remove_positive,0.5,random_direction_0,95,-0.6588815789473684,-0.6588815789473684,0.0,0,0.0
mlp,1,remove_positive,0.5,real_direction,95,-0.6588815789473684,-0.6509868421052631,0.007894736842105263,1,0.010526315789473684
mlp,1,remove_positive,1.0,random_direction_0,95,-0.6588815789473684,-0.6588815789473684,0.0,0,0.0
mlp,1,remove_positive,1.0,real_direction,95,-0.6588815789473684,-0.6513157894736842,0.007565789473684211,1,0.010526315789473684
mlp,1,remove_positive,1.5,random_direction_0,95,-0.6588815789473684,-0.6588815789473684,0.0,0,0.0
mlp,1,remove_positive,1.5,real_direction,95,-0.6588815789473684,-0.6473684210526316,0.011513157894736841,1,0.010526315789473684
mlp,2,remove_positive,0.5,random_direction_0,95,-0.6588815789473684,-0.6588815789473684,0.0,0,0.0
mlp,2,remove_positive,0.5,real_direction,95,-0.6588815789473684,-0.6526315789473685,0.00625,1,0.010526315789473684
mlp,2,remove_positive,1.0,random_direction_0,95,-0.6588815789473684,-0.6588815789473684,0.0,0,0.0
mlp,2,remove_positive,1.0,real_direction,95,-0.6588815789473684,-0.6506578947368421,0.008223684210526315,1,0.010526315789473684
mlp,2,remove_positive,1.5,random_direction_0,95,-0.6588815789473684,-0.6588815789473684,0.0,0,0.0
mlp,2,remove_positive,1.5,real_direction,95,-0.6588815789473684,-0.6476973684210526,0.01118421052631579,2,0.021052631578947368
mlp,3,remove_positive,0.5,random_direction_0,95,-0.6588815789473684,-0.6588815789473684,0.0,0,0.0
mlp,3,remove_positive,0.5,real_direction,95,-0.6588815789473684,-0.6509868421052631,0.007894736842105263,1,0.010526315789473684
mlp,3,remove_positive,1.0,random_direction_0,95,-0.6588815789473684,-0.6588815789473684,0.0,0,0.0
mlp,3,remove_positive,1.0,real_direction,95,-0.6588815789473684,-0.6391447368421053,0.019736842105263157,2,0.021052631578947368
mlp,3,remove_positive,1.5,random_direction_0,95,-0.6588815789473684,-0.6588815789473684,0.0,0,0.0
mlp,3,remove_positive,1.5,real_direction,95,-0.6588815789473684,-0.6332236842105263,0.025657894736842105,2,0.021052631578947368
mlp,4,remove_positive,0.5,random_direction_0,95,-0.6588815789473684,-0.6588815789473684,0.0,0,0.0
mlp,4,remove_positive,0.5,real_direction,95,-0.6588815789473684,-0.6529605263157895,0.0059210526315789476,1,0.010526315789473684
mlp,4,remove_positive,1.0,random_direction_0,95,-0.6588815789473684,-0.6588815789473684,0.0,0,0.0
mlp,4,remove_positive,1.0,real_direction,95,-0.6588815789473684,-0.6506578947368421,0.008223684210526315,1,0.010526315789473684
mlp,4,remove_positive,1.5,random_direction_0,95,-0.6588815789473684,-0.6588815789473684,0.0,0,0.0
mlp,4,remove_positive,1.5,real_direction,95,-0.6588815789473684,-0.6486842105263158,0.010197368421052632,2,0.021052631578947368
mlp,5,remove_positive,0.5,random_direction_0,95,-0.6588815789473684,-0.6588815789473684,0.0,0,0.0
mlp,5,remove_positive,0.5,real_direction,95,-0.6588815789473684,-0.6164473684210526,0.04243421052631579,5,0.05263157894736842
mlp,5,remove_positive,1.0,random_direction_0,95,-0.6588815789473684,-0.6588815789473684,0.0,0,0.0
mlp,5,remove_positive,1.0,real_direction,95,-0.6588815789473684,-0.5835526315789473,0.07532894736842105,5,0.05263157894736842
mlp,5,remove_positive,1.5,random_direction_0,95,-0.6588815789473684,-0.6588815789473684,0.0,0,0.0
mlp,5,remove_positive,1.5,real_direction,95,-0.6588815789473684,-0.5542763157894737,0.10460526315789474,6,0.06315789473684211
mlp,6,remove_positive,0.5,random_direction_0,95,-0.6588815789473684,-0.6588815789473684,0.0,0,0.0
mlp,6,remove_positive,0.5,real_direction,95,-0.6588815789473684,-0.6401315789473684,0.01875,2,0.021052631578947368
mlp,6,remove_positive,1.0,random_direction_0,95,-0.6588815789473684,-0.6588815789473684,0.0,0,0.0
mlp,6,remove_positive,1.0,real_direction,95,-0.6588815789473684,-0.6263157894736842,0.03256578947368421,3,0.031578947368421054
mlp,6,remove_positive,1.5,random_direction_0,95,-0.6588815789473684,-0.6588815789473684,0.0,0,0.0
mlp,6,remove_positive,1.5,real_direction,95,-0.6588815789473684,-0.6138157894736842,0.04506578947368421,5,0.05263157894736842
mlp,7,remove_positive,0.5,random_direction_0,95,-0.6588815789473684,-0.6595394736842105,-0.0006578947368421052,0,0.0
mlp,7,remove_positive,0.5,real_direction,95,-0.6588815789473684,-0.6592105263157895,-0.0003289473684210526,0,0.0
mlp,7,remove_positive,1.0,random_direction_0,95,-0.6588815789473684,-0.6598684210526315,-0.000986842105263158,0,0.0
mlp,7,remove_positive,1.0,real_direction,95,-0.6588815789473684,-0.6582236842105263,0.0006578947368421052,0,0.0
mlp,7,remove_positive,1.5,random_direction_0,95,-0.6588815789473684,-0.6595394736842105,-0.0006578947368421052,0,0.0
mlp,7,remove_positive,1.5,real_direction,95,-0.6588815789473684,-0.6569078947368421,0.001973684210526316,1,0.010526315789473684
mlp,8,remove_positive,0.5,random_direction_0,95,-0.6588815789473684,-0.6555921052631579,0.003289473684210526,1,0.010526315789473684
mlp,8,remove_positive,0.5,real_direction,95,-0.6588815789473684,-0.6588815789473684,0.0,0,0.0
mlp,8,remove_positive,1.0,random_direction_0,95,-0.6588815789473684,-0.6575657894736842,0.0013157894736842105,0,0.0
mlp,8,remove_positive,1.0,real_direction,95,-0.6588815789473684,-0.6588815789473684,0.0,0,0.0
mlp,8,remove_positive,1.5,random_direction_0,95,-0.6588815789473684,-0.6555921052631579,0.003289473684210526,1,0.010526315789473684
mlp,8,remove_positive,1.5,real_direction,95,-0.6588815789473684,-0.6588815789473684,0.0,0,0.0
mlp,9,remove_positive,0.5,random_direction_0,95,-0.6588815789473684,-0.6532894736842105,0.005592105263157895,1,0.010526315789473684
mlp,9,remove_positive,0.5,real_direction,95,-0.6588815789473684,-0.6486842105263158,0.010197368421052632,1,0.010526315789473684
mlp,9,remove_positive,1.0,random_direction_0,95,-0.6588815789473684,-0.6532894736842105,0.005592105263157895,1,0.010526315789473684
mlp,9,remove_positive,1.0,real_direction,95,-0.6588815789473684,-0.6398026315789473,0.019078947368421053,2,0.021052631578947368
mlp,9,remove_positive,1.5,random_direction_0,95,-0.6588815789473684,-0.6532894736842105,0.005592105263157895,1,0.010526315789473684
mlp,9,remove_positive,1.5,real_direction,95,-0.6588815789473684,-0.6305921052631579,0.028289473684210528,2,0.021052631578947368
mlp,10,remove_positive,0.5,random_direction_0,95,-0.6588815789473684,-0.655921052631579,0.0029605263157894738,1,0.010526315789473684
mlp,10,remove_positive,0.5,real_direction,95,-0.6588815789473684,-0.5424342105263158,0.11644736842105263,9,0.09473684210526316
mlp,10,remove_positive,1.0,random_direction_0,95,-0.6588815789473684,-0.6552631578947369,0.003618421052631579,1,0.010526315789473684
mlp,10,remove_positive,1.0,real_direction,95,-0.6588815789473684,-0.44243421052631576,0.21644736842105264,21,0.22105263157894736
mlp,10,remove_positive,1.5,random_direction_0,95,-0.6588815789473684,-0.6549342105263158,0.003947368421052632,1,0.010526315789473684
mlp,10,remove_positive,1.5,real_direction,95,-0.6588815789473684,-0.3526315789473684,0.30625,29,0.30526315789473685
mlp,11,remove_positive,0.5,random_direction_0,95,-0.6588815789473684,-0.6588815789473684,0.0,0,0.0
mlp,11,remove_positive,0.5,real_direction,95,-0.6588815789473684,-0.6078947368421053,0.05098684210526316,5,0.05263157894736842
mlp,11,remove_positive,1.0,random_direction_0,95,-0.6588815789473684,-0.6588815789473684,0.0,0,0.0
mlp,11,remove_positive,1.0,real_direction,95,-0.6588815789473684,-0.5641447368421053,0.09473684210526316,6,0.06315789473684211
mlp,11,remove_positive,1.5,random_direction_0,95,-0.6588815789473684,-0.6588815789473684,0.0,0,0.0
mlp,11,remove_positive,1.5,real_direction,95,-0.6588815789473684,-0.5171052631578947,0.1417763157894737,10,0.10526315789473684
mlp,12,remove_positive,0.5,random_direction_0,95,-0.6588815789473684,-0.6569078947368421,0.001973684210526316,1,0.010526315789473684
mlp,12,remove_positive,0.5,real_direction,95,-0.6588815789473684,-0.6526315789473685,0.00625,0,0.0
mlp,12,remove_positive,1.0,random_direction_0,95,-0.6588815789473684,-0.65625,0.002631578947368421,1,0.010526315789473684
mlp,12,remove_positive,1.0,real_direction,95,-0.6588815789473684,-0.65,0.008881578947368421,0,0.0
mlp,12,remove_positive,1.5,random_direction_0,95,-0.6588815789473684,-0.6539473684210526,0.004934210526315789,1,0.010526315789473684
mlp,12,remove_positive,1.5,real_direction,95,-0.6588815789473684,-0.6430921052631579,0.015789473684210527,0,0.0
mlp,13,remove_positive,0.5,random_direction_0,95,-0.6588815789473684,-0.6539473684210526,0.004934210526315789,1,0.010526315789473684
mlp,13,remove_positive,0.5,real_direction,95,-0.6588815789473684,-0.5733552631578948,0.08552631578947369,5,0.05263157894736842
mlp,13,remove_positive,1.0,random_direction_0,95,-0.6588815789473684,-0.6532894736842105,0.005592105263157895,1,0.010526315789473684
mlp,13,remove_positive,1.0,real_direction,95,-0.6588815789473684,-0.4924342105263158,0.16644736842105262,12,0.12631578947368421
mlp,13,remove_positive,1.5,random_direction_0,95,-0.6588815789473684,-0.6542763157894737,0.004605263157894736,2,0.021052631578947368
mlp,13,remove_positive,1.5,real_direction,95,-0.6588815789473684,-0.41019736842105264,0.24868421052631579,21,0.22105263157894736
mlp,14,remove_positive,0.5,random_direction_0,95,-0.6588815789473684,-0.6555921052631579,0.003289473684210526,1,0.010526315789473684
mlp,14,remove_positive,0.5,real_direction,95,-0.6588815789473684,-0.6588815789473684,0.0,0,0.0
mlp,14,remove_positive,1.0,random_direction_0,95,-0.6588815789473684,-0.6569078947368421,0.001973684210526316,1,0.010526315789473684
mlp,14,remove_positive,1.0,real_direction,95,-0.6588815789473684,-0.6588815789473684,0.0,0,0.0
mlp,14,remove_positive,1.5,random_direction_0,95,-0.6588815789473684,-0.6585526315789474,0.0003289473684210526,2,0.021052631578947368
mlp,14,remove_positive,1.5,real_direction,95,-0.6588815789473684,-0.6588815789473684,0.0,0,0.0
mlp,15,remove_positive,0.5,random_direction_0,95,-0.6588815789473684,-0.6578947368421053,0.000986842105263158,1,0.010526315789473684
mlp,15,remove_positive,0.5,real_direction,95,-0.6588815789473684,-0.6588815789473684,0.0,0,0.0
mlp,15,remove_positive,1.0,random_direction_0,95,-0.6588815789473684,-0.6601973684210526,-0.0013157894736842105,1,0.010526315789473684
mlp,15,remove_positive,1.0,real_direction,95,-0.6588815789473684,-0.6588815789473684,0.0,0,0.0
mlp,15,remove_positive,1.5,random_direction_0,95,-0.6588815789473684,-0.6611842105263158,-0.002302631578947368,0,0.0
mlp,15,remove_positive,1.5,real_direction,95,-0.6588815789473684,-0.6588815789473684,0.0,0,0.0
mlp,16,remove_positive,0.5,random_direction_0,95,-0.6588815789473684,-0.6588815789473684,0.0,0,0.0
mlp,16,remove_positive,0.5,real_direction,95,-0.6588815789473684,-0.6588815789473684,0.0,0,0.0
mlp,16,remove_positive,1.0,random_direction_0,95,-0.6588815789473684,-0.6588815789473684,0.0,0,0.0
mlp,16,remove_positive,1.0,real_direction,95,-0.6588815789473684,-0.6588815789473684,0.0,0,0.0
mlp,16,remove_positive,1.5,random_direction_0,95,-0.6588815789473684,-0.6588815789473684,0.0,0,0.0
mlp,16,remove_positive,1.5,real_direction,95,-0.6588815789473684,-0.6588815789473684,0.0,0,0.0
mlp,17,remove_positive,0.5,random_direction_0,95,-0.6588815789473684,-0.6588815789473684,0.0,0,0.0
mlp,17,remove_positive,0.5,real_direction,95,-0.6588815789473684,-0.5421052631578948,0.11677631578947369,8,0.08421052631578947
mlp,17,remove_positive,1.0,random_direction_0,95,-0.6588815789473684,-0.6588815789473684,0.0,0,0.0
mlp,17,remove_positive,1.0,real_direction,95,-0.6588815789473684,-0.4328947368421053,0.22598684210526315,16,0.16842105263157894
mlp,17,remove_positive,1.5,random_direction_0,95,-0.6588815789473684,-0.6588815789473684,0.0,0,0.0
mlp,17,remove_positive,1.5,real_direction,95,-0.6588815789473684,-0.32401315789473684,0.3348684210526316,29,0.30526315789473685
mlp,18,remove_positive,0.5,random_direction_0,95,-0.6588815789473684,-0.6292763157894737,0.029605263157894735,1,0.010526315789473684
mlp,18,remove_positive,0.5,real_direction,95,-0.6588815789473684,-0.23289473684210527,0.42598684210526316,34,0.35789473684210527
mlp,18,remove_positive,1.0,random_direction_0,95,-0.6588815789473684,-0.6029605263157894,0.05592105263157895,5,0.05263157894736842
mlp,18,remove_positive,1.0,real_direction,95,-0.6588815789473684,0.21513157894736842,0.8740131578947369,72,0.7578947368421053
mlp,18,remove_positive,1.5,random_direction_0,95,-0.6588815789473684,-0.5809210526315789,0.07796052631578948,8,0.08421052631578947
mlp,18,remove_positive,1.5,real_direction,95,-0.6588815789473684,0.6907894736842105,1.349671052631579,80,0.8421052631578947
mlp,19,remove_positive,0.5,random_direction_0,95,-0.6588815789473684,-0.6526315789473685,0.00625,0,0.0
mlp,19,remove_positive,0.5,real_direction,95,-0.6588815789473684,0.1825657894736842,0.8414473684210526,71,0.7473684210526316
mlp,19,remove_positive,1.0,random_direction_0,95,-0.6588815789473684,-0.6532894736842105,0.005592105263157895,1,0.010526315789473684
mlp,19,remove_positive,1.0,real_direction,95,-0.6588815789473684,1.1226973684210526,1.7815789473684212,87,0.9157894736842105
mlp,19,remove_positive,1.5,random_direction_0,95,-0.6588815789473684,-0.65,0.008881578947368421,1,0.010526315789473684
mlp,19,remove_positive,1.5,real_direction,95,-0.6588815789473684,2.15625,2.8151315789473683,95,1.0
mlp,20,remove_positive,0.5,random_direction_0,95,-0.6588815789473684,-0.655921052631579,0.0029605263157894738,0,0.0
mlp,20,remove_positive,0.5,real_direction,95,-0.6588815789473684,0.4963815789473684,1.1552631578947368,81,0.8526315789473684
mlp,20,remove_positive,1.0,random_direction_0,95,-0.6588815789473684,-0.6585526315789474,0.0003289473684210526,1,0.010526315789473684
mlp,20,remove_positive,1.0,real_direction,95,-0.6588815789473684,1.9266447368421054,2.585526315789474,94,0.9894736842105263
mlp,20,remove_positive,1.5,random_direction_0,95,-0.6588815789473684,-0.6625,-0.003618421052631579,0,0.0
mlp,20,remove_positive,1.5,real_direction,95,-0.6588815789473684,3.636842105263158,4.295723684210526,95,1.0
mlp,21,remove_positive,0.5,random_direction_0,95,-0.6588815789473684,-0.6588815789473684,0.0,0,0.0
mlp,21,remove_positive,0.5,real_direction,95,-0.6588815789473684,0.5595394736842105,1.2184210526315788,82,0.8631578947368421
mlp,21,remove_positive,1.0,random_direction_0,95,-0.6588815789473684,-0.6588815789473684,0.0,0,0.0
mlp,21,remove_positive,1.0,real_direction,95,-0.6588815789473684,2.1546052631578947,2.813486842105263,94,0.9894736842105263
mlp,21,remove_positive,1.5,random_direction_0,95,-0.6588815789473684,-0.6588815789473684,0.0,0,0.0
mlp,21,remove_positive,1.5,real_direction,95,-0.6588815789473684,4.167105263157895,4.825986842105263,95,1.0
mlp,22,remove_positive,0.5,random_direction_0,95,-0.6588815789473684,-0.6546052631578947,0.0042763157894736845,1,0.010526315789473684
mlp,22,remove_positive,0.5,real_direction,95,-0.6588815789473684,0.24342105263157895,0.9023026315789474,72,0.7578947368421053
mlp,22,remove_positive,1.0,random_direction_0,95,-0.6588815789473684,-0.6526315789473685,0.00625,1,0.010526315789473684
mlp,22,remove_positive,1.0,real_direction,95,-0.6588815789473684,1.2950657894736841,1.9539473684210527,91,0.9578947368421052
mlp,22,remove_positive,1.5,random_direction_0,95,-0.6588815789473684,-0.6503289473684211,0.008552631578947369,1,0.010526315789473684
mlp,22,remove_positive,1.5,real_direction,95,-0.6588815789473684,2.512828947368421,3.1717105263157896,95,1.0
mlp,23,remove_positive,0.5,random_direction_0,95,-0.6588815789473684,-0.6615131578947369,-0.002631578947368421,1,0.010526315789473684
mlp,23,remove_positive,0.5,real_direction,95,-0.6588815789473684,-0.33223684210526316,0.32664473684210527,24,0.25263157894736843
mlp,23,remove_positive,1.0,random_direction_0,95,-0.6588815789473684,-0.6684210526315789,-0.009539473684210526,1,0.010526315789473684
mlp,23,remove_positive,1.0,real_direction,95,-0.6588815789473684,0.013486842105263158,0.6723684210526316,59,0.6210526315789474
mlp,23,remove_positive,1.5,random_direction_0,95,-0.6588815789473684,-0.6740131578947368,-0.015131578947368421,0,0.0
mlp,23,remove_positive,1.5,real_direction,95,-0.6588815789473684,0.36973684210526314,1.0286184210526317,75,0.7894736842105263
mlp,24,remove_positive,0.5,random_direction_0,95,-0.6588815789473684,-0.6588815789473684,0.0,0,0.0
mlp,24,remove_positive,0.5,real_direction,95,-0.6588815789473684,-0.5368421052631579,0.12203947368421053,7,0.07368421052631578
mlp,24,remove_positive,1.0,random_direction_0,95,-0.6588815789473684,-0.6588815789473684,0.0,0,0.0
mlp,24,remove_positive,1.0,real_direction,95,-0.6588815789473684,-0.4118421052631579,0.24703947368421053,18,0.18947368421052632
mlp,24,remove_positive,1.5,random_direction_0,95,-0.6588815789473684,-0.6588815789473684,0.0,0,0.0
mlp,24,remove_positive,1.5,real_direction,95,-0.6588815789473684,-0.2891447368421053,0.36973684210526314,32,0.3368421052631579
mlp,25,remove_positive,0.5,random_direction_0,95,-0.6588815789473684,-0.649671052631579,0.009210526315789473,1,0.010526315789473684
mlp,25,remove_positive,0.5,real_direction,95,-0.6588815789473684,-0.5582236842105263,0.1006578947368421,9,0.09473684210526316
mlp,25,remove_positive,1.0,random_direction_0,95,-0.6588815789473684,-0.6450657894736842,0.01381578947368421,2,0.021052631578947368
mlp,25,remove_positive,1.0,real_direction,95,-0.6588815789473684,-0.45953947368421055,0.1993421052631579,15,0.15789473684210525
mlp,25,remove_positive,1.5,random_direction_0,95,-0.6588815789473684,-0.6375,0.02138157894736842,1,0.010526315789473684
mlp,25,remove_positive,1.5,real_direction,95,-0.6588815789473684,-0.36151315789473687,0.29736842105263156,21,0.22105263157894736
mlp,26,remove_positive,0.5,random_direction_0,95,-0.6588815789473684,-0.6588815789473684,0.0,0,0.0
mlp,26,remove_positive,0.5,real_direction,95,-0.6588815789473684,-0.33881578947368424,0.3200657894736842,29,0.30526315789473685
mlp,26,remove_positive,1.0,random_direction_0,95,-0.6588815789473684,-0.6588815789473684,0.0,0,0.0
mlp,26,remove_positive,1.0,real_direction,95,-0.6588815789473684,-0.008881578947368421,0.65,59,0.6210526315789474
mlp,26,remove_positive,1.5,random_direction_0,95,-0.6588815789473684,-0.6588815789473684,0.0,0,0.0
mlp,26,remove_positive,1.5,real_direction,95,-0.6588815789473684,0.33519736842105263,0.9940789473684211,74,0.7789473684210526
mlp,27,remove_positive,0.5,random_direction_0,95,-0.6588815789473684,-0.655921052631579,0.0029605263157894738,1,0.010526315789473684
mlp,27,remove_positive,0.5,real_direction,95,-0.6588815789473684,1.0628289473684212,1.7217105263157895,87,0.9157894736842105
mlp,27,remove_positive,1.0,random_direction_0,95,-0.6588815789473684,-0.6526315789473685,0.00625,1,0.010526315789473684
mlp,27,remove_positive,1.0,real_direction,95,-0.6588815789473684,2.8059210526315788,3.4648026315789475,94,0.9894736842105263
mlp,27,remove_positive,1.5,random_direction_0,95,-0.6588815789473684,-0.6476973684210526,0.01118421052631579,1,0.010526315789473684
mlp,27,remove_positive,1.5,real_direction,95,-0.6588815789473684,4.563486842105263,5.222368421052631,95,1.0
resid_post,0,remove_positive,0.5,random_direction_0,95,-0.6588815789473684,-0.6555921052631579,0.003289473684210526,1,0.010526315789473684
resid_post,0,remove_positive,0.5,real_direction,95,-0.6588815789473684,-0.6539473684210526,0.004934210526315789,1,0.010526315789473684
resid_post,0,remove_positive,1.0,random_direction_0,95,-0.6588815789473684,-0.6575657894736842,0.0013157894736842105,1,0.010526315789473684
resid_post,0,remove_positive,1.0,real_direction,95,-0.6588815789473684,-0.6555921052631579,0.003289473684210526,0,0.0
resid_post,0,remove_positive,1.5,random_direction_0,95,-0.6588815789473684,-0.6578947368421053,0.000986842105263158,1,0.010526315789473684
resid_post,0,remove_positive,1.5,real_direction,95,-0.6588815789473684,-0.656578947368421,0.002302631578947368,1,0.010526315789473684
resid_post,1,remove_positive,0.5,random_direction_0,95,-0.6588815789473684,-0.65625,0.002631578947368421,0,0.0
resid_post,1,remove_positive,0.5,real_direction,95,-0.6588815789473684,-0.6555921052631579,0.003289473684210526,1,0.010526315789473684
resid_post,1,remove_positive,1.0,random_direction_0,95,-0.6588815789473684,-0.6575657894736842,0.0013157894736842105,0,0.0
resid_post,1,remove_positive,1.0,real_direction,95,-0.6588815789473684,-0.656578947368421,0.002302631578947368,1,0.010526315789473684
resid_post,1,remove_positive,1.5,random_direction_0,95,-0.6588815789473684,-0.6582236842105263,0.0006578947368421052,0,0.0
resid_post,1,remove_positive,1.5,real_direction,95,-0.6588815789473684,-0.6539473684210526,0.004934210526315789,1,0.010526315789473684
resid_post,2,remove_positive,0.5,random_direction_0,95,-0.6588815789473684,-0.656578947368421,0.002302631578947368,0,0.0
resid_post,2,remove_positive,0.5,real_direction,95,-0.6588815789473684,-0.655921052631579,0.0029605263157894738,1,0.010526315789473684
resid_post,2,remove_positive,1.0,random_direction_0,95,-0.6588815789473684,-0.6585526315789474,0.0003289473684210526,0,0.0
resid_post,2,remove_positive,1.0,real_direction,95,-0.6588815789473684,-0.6549342105263158,0.003947368421052632,1,0.010526315789473684
resid_post,2,remove_positive,1.5,random_direction_0,95,-0.6588815789473684,-0.6582236842105263,0.0006578947368421052,0,0.0
resid_post,2,remove_positive,1.5,real_direction,95,-0.6588815789473684,-0.6519736842105263,0.006907894736842105,1,0.010526315789473684
resid_post,3,remove_positive,0.5,random_direction_0,95,-0.6588815789473684,-0.6569078947368421,0.001973684210526316,1,0.010526315789473684
resid_post,3,remove_positive,0.5,real_direction,95,-0.6588815789473684,-0.6552631578947369,0.003618421052631579,1,0.010526315789473684
resid_post,3,remove_positive,1.0,random_direction_0,95,-0.6588815789473684,-0.6569078947368421,0.001973684210526316,1,0.010526315789473684
resid_post,3,remove_positive,1.0,real_direction,95,-0.6588815789473684,-0.6532894736842105,0.005592105263157895,1,0.010526315789473684
resid_post,3,remove_positive,1.5,random_direction_0,95,-0.6588815789473684,-0.6575657894736842,0.0013157894736842105,1,0.010526315789473684
resid_post,3,remove_positive,1.5,real_direction,95,-0.6588815789473684,-0.6509868421052631,0.007894736842105263,1,0.010526315789473684
resid_post,4,remove_positive,0.5,random_direction_0,95,-0.6588815789473684,-0.6569078947368421,0.001973684210526316,1,0.010526315789473684
resid_post,4,remove_positive,0.5,real_direction,95,-0.6588815789473684,-0.6555921052631579,0.003289473684210526,1,0.010526315789473684
resid_post,4,remove_positive,1.0,random_direction_0,95,-0.6588815789473684,-0.6575657894736842,0.0013157894736842105,1,0.010526315789473684
resid_post,4,remove_positive,1.0,real_direction,95,-0.6588815789473684,-0.656578947368421,0.002302631578947368,0,0.0
resid_post,4,remove_positive,1.5,random_direction_0,95,-0.6588815789473684,-0.6582236842105263,0.0006578947368421052,1,0.010526315789473684
resid_post,4,remove_positive,1.5,real_direction,95,-0.6588815789473684,-0.6513157894736842,0.007565789473684211,1,0.010526315789473684
resid_post,5,remove_positive,0.5,random_direction_0,95,-0.6588815789473684,-0.6588815789473684,0.0,0,0.0
resid_post,5,remove_positive,0.5,real_direction,95,-0.6588815789473684,-0.6539473684210526,0.004934210526315789,1,0.010526315789473684
resid_post,5,remove_positive,1.0,random_direction_0,95,-0.6588815789473684,-0.6578947368421053,0.000986842105263158,0,0.0
resid_post,5,remove_positive,1.0,real_direction,95,-0.6588815789473684,-0.65,0.008881578947368421,1,0.010526315789473684
resid_post,5,remove_positive,1.5,random_direction_0,95,-0.6588815789473684,-0.6585526315789474,0.0003289473684210526,0,0.0
resid_post,5,remove_positive,1.5,real_direction,95,-0.6588815789473684,-0.6453947368421052,0.013486842105263158,2,0.021052631578947368
resid_post,6,remove_positive,0.5,random_direction_0,95,-0.6588815789473684,-0.6588815789473684,0.0,1,0.010526315789473684
resid_post,6,remove_positive,0.5,real_direction,95,-0.6588815789473684,-0.6516447368421052,0.007236842105263158,0,0.0
resid_post,6,remove_positive,1.0,random_direction_0,95,-0.6588815789473684,-0.6575657894736842,0.0013157894736842105,1,0.010526315789473684
resid_post,6,remove_positive,1.0,real_direction,95,-0.6588815789473684,-0.6519736842105263,0.006907894736842105,1,0.010526315789473684
resid_post,6,remove_positive,1.5,random_direction_0,95,-0.6588815789473684,-0.6569078947368421,0.001973684210526316,1,0.010526315789473684
resid_post,6,remove_positive,1.5,real_direction,95,-0.6588815789473684,-0.6483552631578947,0.010526315789473684,1,0.010526315789473684
resid_post,7,remove_positive,0.5,random_direction_0,95,-0.6588815789473684,-0.6588815789473684,0.0,0,0.0
resid_post,7,remove_positive,0.5,real_direction,95,-0.6588815789473684,-0.6513157894736842,0.007565789473684211,1,0.010526315789473684
resid_post,7,remove_positive,1.0,random_direction_0,95,-0.6588815789473684,-0.6592105263157895,-0.0003289473684210526,0,0.0
resid_post,7,remove_positive,1.0,real_direction,95,-0.6588815789473684,-0.6444078947368421,0.014473684210526316,2,0.021052631578947368
resid_post,7,remove_positive,1.5,random_direction_0,95,-0.6588815789473684,-0.6572368421052631,0.001644736842105263,0,0.0
resid_post,7,remove_positive,1.5,real_direction,95,-0.6588815789473684,-0.6394736842105263,0.019407894736842107,2,0.021052631578947368
resid_post,8,remove_positive,0.5,random_direction_0,95,-0.6588815789473684,-0.6578947368421053,0.000986842105263158,1,0.010526315789473684
resid_post,8,remove_positive,0.5,real_direction,95,-0.6588815789473684,-0.6503289473684211,0.008552631578947369,1,0.010526315789473684
resid_post,8,remove_positive,1.0,random_direction_0,95,-0.6588815789473684,-0.6569078947368421,0.001973684210526316,1,0.010526315789473684
resid_post,8,remove_positive,1.0,real_direction,95,-0.6588815789473684,-0.6473684210526316,0.011513157894736841,2,0.021052631578947368
resid_post,8,remove_positive,1.5,random_direction_0,95,-0.6588815789473684,-0.6575657894736842,0.0013157894736842105,1,0.010526315789473684
resid_post,8,remove_positive,1.5,real_direction,95,-0.6588815789473684,-0.6394736842105263,0.019407894736842107,3,0.031578947368421054
resid_post,9,remove_positive,0.5,random_direction_0,95,-0.6588815789473684,-0.6552631578947369,0.003618421052631579,1,0.010526315789473684
resid_post,9,remove_positive,0.5,real_direction,95,-0.6588815789473684,-0.6453947368421052,0.013486842105263158,1,0.010526315789473684
resid_post,9,remove_positive,1.0,random_direction_0,95,-0.6588815789473684,-0.6572368421052631,0.001644736842105263,1,0.010526315789473684
resid_post,9,remove_positive,1.0,real_direction,95,-0.6588815789473684,-0.6378289473684211,0.021052631578947368,1,0.010526315789473684
resid_post,9,remove_positive,1.5,random_direction_0,95,-0.6588815789473684,-0.65625,0.002631578947368421,1,0.010526315789473684
resid_post,9,remove_positive,1.5,real_direction,95,-0.6588815789473684,-0.6292763157894737,0.029605263157894735,2,0.021052631578947368
resid_post,10,remove_positive,0.5,random_direction_0,95,-0.6588815789473684,-0.6592105263157895,-0.0003289473684210526,0,0.0
resid_post,10,remove_positive,0.5,real_direction,95,-0.6588815789473684,-0.6417763157894737,0.017105263157894738,2,0.021052631578947368
resid_post,10,remove_positive,1.0,random_direction_0,95,-0.6588815789473684,-0.6575657894736842,0.0013157894736842105,1,0.010526315789473684
resid_post,10,remove_positive,1.0,real_direction,95,-0.6588815789473684,-0.6263157894736842,0.03256578947368421,3,0.031578947368421054
resid_post,10,remove_positive,1.5,random_direction_0,95,-0.6588815789473684,-0.6588815789473684,0.0,1,0.010526315789473684
resid_post,10,remove_positive,1.5,real_direction,95,-0.6588815789473684,-0.6118421052631579,0.04703947368421053,4,0.042105263157894736
resid_post,11,remove_positive,0.5,random_direction_0,95,-0.6588815789473684,-0.6575657894736842,0.0013157894736842105,1,0.010526315789473684
resid_post,11,remove_positive,0.5,real_direction,95,-0.6588815789473684,-0.6381578947368421,0.020723684210526314,2,0.021052631578947368
resid_post,11,remove_positive,1.0,random_direction_0,95,-0.6588815789473684,-0.65625,0.002631578947368421,1,0.010526315789473684
resid_post,11,remove_positive,1.0,real_direction,95,-0.6588815789473684,-0.6217105263157895,0.037171052631578945,2,0.021052631578947368
resid_post,11,remove_positive,1.5,random_direction_0,95,-0.6588815789473684,-0.6578947368421053,0.000986842105263158,1,0.010526315789473684
resid_post,11,remove_positive,1.5,real_direction,95,-0.6588815789473684,-0.6023026315789474,0.056578947368421055,4,0.042105263157894736
resid_post,12,remove_positive,0.5,random_direction_0,95,-0.6588815789473684,-0.6572368421052631,0.001644736842105263,0,0.0
resid_post,12,remove_positive,0.5,real_direction,95,-0.6588815789473684,-0.6335526315789474,0.02532894736842105,3,0.031578947368421054
resid_post,12,remove_positive,1.0,random_direction_0,95,-0.6588815789473684,-0.6582236842105263,0.0006578947368421052,0,0.0
resid_post,12,remove_positive,1.0,real_direction,95,-0.6588815789473684,-0.6088815789473684,0.05,3,0.031578947368421054
resid_post,12,remove_positive,1.5,random_direction_0,95,-0.6588815789473684,-0.656578947368421,0.002302631578947368,0,0.0
resid_post,12,remove_positive,1.5,real_direction,95,-0.6588815789473684,-0.5832236842105263,0.0756578947368421,6,0.06315789473684211
resid_post,13,remove_positive,0.5,random_direction_0,95,-0.6588815789473684,-0.6598684210526315,-0.000986842105263158,0,0.0
resid_post,13,remove_positive,0.5,real_direction,95,-0.6588815789473684,-0.6263157894736842,0.03256578947368421,4,0.042105263157894736
resid_post,13,remove_positive,1.0,random_direction_0,95,-0.6588815789473684,-0.6575657894736842,0.0013157894736842105,1,0.010526315789473684
resid_post,13,remove_positive,1.0,real_direction,95,-0.6588815789473684,-0.5973684210526315,0.06151315789473684,6,0.06315789473684211
resid_post,13,remove_positive,1.5,random_direction_0,95,-0.6588815789473684,-0.6569078947368421,0.001973684210526316,1,0.010526315789473684
resid_post,13,remove_positive,1.5,real_direction,95,-0.6588815789473684,-0.5677631578947369,0.09111842105263158,7,0.07368421052631578
resid_post,14,remove_positive,0.5,random_direction_0,95,-0.6588815789473684,-0.6575657894736842,0.0013157894736842105,0,0.0
resid_post,14,remove_positive,0.5,real_direction,95,-0.6588815789473684,-0.6240131578947369,0.034868421052631576,4,0.042105263157894736
resid_post,14,remove_positive,1.0,random_direction_0,95,-0.6588815789473684,-0.6569078947368421,0.001973684210526316,0,0.0
resid_post,14,remove_positive,1.0,real_direction,95,-0.6588815789473684,-0.5884868421052631,0.07039473684210526,5,0.05263157894736842
resid_post,14,remove_positive,1.5,random_direction_0,95,-0.6588815789473684,-0.6588815789473684,0.0,0,0.0
resid_post,14,remove_positive,1.5,real_direction,95,-0.6588815789473684,-0.5555921052631579,0.10328947368421053,7,0.07368421052631578
resid_post,15,remove_positive,0.5,random_direction_0,95,-0.6588815789473684,-0.655921052631579,0.0029605263157894738,1,0.010526315789473684
resid_post,15,remove_positive,0.5,real_direction,95,-0.6588815789473684,-0.5993421052631579,0.059539473684210524,4,0.042105263157894736
resid_post,15,remove_positive,1.0,random_direction_0,95,-0.6588815789473684,-0.6555921052631579,0.003289473684210526,1,0.010526315789473684
resid_post,15,remove_positive,1.0,real_direction,95,-0.6588815789473684,-0.5453947368421053,0.11348684210526316,8,0.08421052631578947
resid_post,15,remove_positive,1.5,random_direction_0,95,-0.6588815789473684,-0.6582236842105263,0.0006578947368421052,1,0.010526315789473684
resid_post,15,remove_positive,1.5,real_direction,95,-0.6588815789473684,-0.4911184210526316,0.16776315789473684,14,0.14736842105263157
resid_post,16,remove_positive,0.5,random_direction_0,95,-0.6588815789473684,-0.6578947368421053,0.000986842105263158,0,0.0
resid_post,16,remove_positive,0.5,real_direction,95,-0.6588815789473684,-0.5776315789473684,0.08125,6,0.06315789473684211
resid_post,16,remove_positive,1.0,random_direction_0,95,-0.6588815789473684,-0.6588815789473684,0.0,0,0.0
resid_post,16,remove_positive,1.0,real_direction,95,-0.6588815789473684,-0.5023026315789474,0.15657894736842104,12,0.12631578947368421
resid_post,16,remove_positive,1.5,random_direction_0,95,-0.6588815789473684,-0.6595394736842105,-0.0006578947368421052,0,0.0
resid_post,16,remove_positive,1.5,real_direction,95,-0.6588815789473684,-0.42796052631578946,0.23092105263157894,16,0.16842105263157894
resid_post,17,remove_positive,0.5,random_direction_0,95,-0.6588815789473684,-0.6546052631578947,0.0042763157894736845,1,0.010526315789473684
resid_post,17,remove_positive,0.5,real_direction,95,-0.6588815789473684,-0.5151315789473684,0.14375,8,0.08421052631578947
resid_post,17,remove_positive,1.0,random_direction_0,95,-0.6588815789473684,-0.6575657894736842,0.0013157894736842105,1,0.010526315789473684
resid_post,17,remove_positive,1.0,real_direction,95,-0.6588815789473684,-0.3756578947368421,0.2832236842105263,19,0.2
resid_post,17,remove_positive,1.5,random_direction_0,95,-0.6588815789473684,-0.6552631578947369,0.003618421052631579,1,0.010526315789473684
resid_post,17,remove_positive,1.5,real_direction,95,-0.6588815789473684,-0.23519736842105263,0.4236842105263158,31,0.3263157894736842
resid_post,18,remove_positive,0.5,random_direction_0,95,-0.6588815789473684,-0.6555921052631579,0.003289473684210526,1,0.010526315789473684
resid_post,18,remove_positive,0.5,real_direction,95,-0.6588815789473684,0.8151315789473684,1.4740131578947369,86,0.9052631578947369
resid_post,18,remove_positive,1.0,random_direction_0,95,-0.6588815789473684,-0.6549342105263158,0.003947368421052632,1,0.010526315789473684
resid_post,18,remove_positive,1.0,real_direction,95,-0.6588815789473684,2.549013157894737,3.207894736842105,95,1.0
resid_post,18,remove_positive,1.5,random_direction_0,95,-0.6588815789473684,-0.6536184210526316,0.005263157894736842,1,0.010526315789473684
resid_post,18,remove_positive,1.5,real_direction,95,-0.6588815789473684,4.485526315789474,5.144407894736842,95,1.0
resid_post,19,remove_positive,0.5,random_direction_0,95,-0.6588815789473684,-0.6552631578947369,0.003618421052631579,1,0.010526315789473684
resid_post,19,remove_positive,0.5,real_direction,95,-0.6588815789473684,1.256578947368421,1.9154605263157896,93,0.9789473684210527
resid_post,19,remove_positive,1.0,random_direction_0,95,-0.6588815789473684,-0.6555921052631579,0.003289473684210526,1,0.010526315789473684
resid_post,19,remove_positive,1.0,real_direction,95,-0.6588815789473684,3.5690789473684212,4.22796052631579,95,1.0
resid_post,19,remove_positive,1.5,random_direction_0,95,-0.6588815789473684,-0.6539473684210526,0.004934210526315789,1,0.010526315789473684
resid_post,19,remove_positive,1.5,real_direction,95,-0.6588815789473684,6.08453947368421,6.743421052631579,95,1.0
resid_post,20,remove_positive,0.5,random_direction_0,95,-0.6588815789473684,-0.656578947368421,0.002302631578947368,1,0.010526315789473684
resid_post,20,remove_positive,0.5,real_direction,95,-0.6588815789473684,1.5424342105263158,2.2013157894736843,92,0.968421052631579
resid_post,20,remove_positive,1.0,random_direction_0,95,-0.6588815789473684,-0.6625,-0.003618421052631579,0,0.0
resid_post,20,remove_positive,1.0,real_direction,95,-0.6588815789473684,4.58125,5.240131578947368,95,1.0
resid_post,20,remove_positive,1.5,random_direction_0,95,-0.6588815789473684,-0.6625,-0.003618421052631579,1,0.010526315789473684
resid_post,20,remove_positive,1.5,real_direction,95,-0.6588815789473684,8.263980263157896,8.922861842105263,95,1.0
resid_post,21,remove_positive,0.5,random_direction_0,95,-0.6588815789473684,-0.6585526315789474,0.0003289473684210526,0,0.0
resid_post,21,remove_positive,0.5,real_direction,95,-0.6588815789473684,1.367763157894737,2.026644736842105,89,0.9368421052631579
resid_post,21,remove_positive,1.0,random_direction_0,95,-0.6588815789473684,-0.6588815789473684,0.0,0,0.0
resid_post,21,remove_positive,1.0,real_direction,95,-0.6588815789473684,4.363815789473684,5.022697368421053,95,1.0
resid_post,21,remove_positive,1.5,random_direction_0,95,-0.6588815789473684,-0.6601973684210526,-0.0013157894736842105,0,0.0
resid_post,21,remove_positive,1.5,real_direction,95,-0.6588815789473684,8.230592105263158,8.889473684210527,95,1.0
resid_post,22,remove_positive,0.5,random_direction_0,95,-0.6588815789473684,-0.6569078947368421,0.001973684210526316,1,0.010526315789473684
resid_post,22,remove_positive,0.5,real_direction,95,-0.6588815789473684,1.6085526315789473,2.2674342105263157,93,0.9789473684210527
resid_post,22,remove_positive,1.0,random_direction_0,95,-0.6588815789473684,-0.65625,0.002631578947368421,0,0.0
resid_post,22,remove_positive,1.0,real_direction,95,-0.6588815789473684,4.7046052631578945,5.363486842105263,95,1.0
resid_post,22,remove_positive,1.5,random_direction_0,95,-0.6588815789473684,-0.6532894736842105,0.005592105263157895,1,0.010526315789473684
resid_post,22,remove_positive,1.5,real_direction,95,-0.6588815789473684,8.473684210526315,9.132565789473684,95,1.0
resid_post,23,remove_positive,0.5,random_direction_0,95,-0.6588815789473684,-0.6578947368421053,0.000986842105263158,0,0.0
resid_post,23,remove_positive,0.5,real_direction,95,-0.6588815789473684,1.636513157894737,2.295394736842105,93,0.9789473684210527
resid_post,23,remove_positive,1.0,random_direction_0,95,-0.6588815789473684,-0.6588815789473684,0.0,0,0.0
resid_post,23,remove_positive,1.0,real_direction,95,-0.6588815789473684,4.698684210526316,5.357565789473684,95,1.0
resid_post,23,remove_positive,1.5,random_direction_0,95,-0.6588815789473684,-0.6578947368421053,0.000986842105263158,0,0.0
resid_post,23,remove_positive,1.5,real_direction,95,-0.6588815789473684,8.551809210526315,9.210690789473684,95,1.0
resid_post,24,remove_positive,0.5,random_direction_0,95,-0.6588815789473684,-0.6588815789473684,0.0,0,0.0
resid_post,24,remove_positive,0.5,real_direction,95,-0.6588815789473684,1.7786184210526317,2.4375,93,0.9789473684210527
resid_post,24,remove_positive,1.0,random_direction_0,95,-0.6588815789473684,-0.6588815789473684,0.0,0,0.0
resid_post,24,remove_positive,1.0,real_direction,95,-0.6588815789473684,4.936184210526315,5.595065789473685,95,1.0
resid_post,24,remove_positive,1.5,random_direction_0,95,-0.6588815789473684,-0.6588815789473684,0.0,0,0.0
resid_post,24,remove_positive,1.5,real_direction,95,-0.6588815789473684,8.766611842105263,9.425493421052632,95,1.0
resid_post,25,remove_positive,0.5,random_direction_0,95,-0.6588815789473684,-0.6516447368421052,0.007236842105263158,1,0.010526315789473684
resid_post,25,remove_positive,0.5,real_direction,95,-0.6588815789473684,2.0220394736842104,2.6809210526315788,94,0.9894736842105263
resid_post,25,remove_positive,1.0,random_direction_0,95,-0.6588815789473684,-0.6476973684210526,0.01118421052631579,1,0.010526315789473684
resid_post,25,remove_positive,1.0,real_direction,95,-0.6588815789473684,5.4144736842105265,6.073355263157895,95,1.0
resid_post,25,remove_positive,1.5,random_direction_0,95,-0.6588815789473684,-0.6457236842105263,0.013157894736842105,2,0.021052631578947368
resid_post,25,remove_positive,1.5,real_direction,95,-0.6588815789473684,9.389309210526315,10.048190789473685,95,1.0
resid_post,26,remove_positive,0.5,random_direction_0,95,-0.6588815789473684,-0.65,0.008881578947368421,1,0.010526315789473684
resid_post,26,remove_positive,0.5,real_direction,95,-0.6588815789473684,2.1398026315789473,2.7986842105263157,94,0.9894736842105263
resid_post,26,remove_positive,1.0,random_direction_0,95,-0.6588815789473684,-0.6421052631578947,0.016776315789473684,2,0.021052631578947368
resid_post,26,remove_positive,1.0,real_direction,95,-0.6588815789473684,5.5855263157894735,6.244407894736842,95,1.0
resid_post,26,remove_positive,1.5,random_direction_0,95,-0.6588815789473684,-0.6375,0.02138157894736842,1,0.010526315789473684
resid_post,26,remove_positive,1.5,real_direction,95,-0.6588815789473684,9.589309210526316,10.248190789473684,95,1.0
resid_post,27,remove_positive,0.5,random_direction_0,95,-0.6588815789473684,-0.6582236842105263,0.0006578947368421052,0,0.0
resid_post,27,remove_positive,0.5,real_direction,95,-0.6588815789473684,2.225657894736842,2.8845394736842107,94,0.9894736842105263
resid_post,27,remove_positive,1.0,random_direction_0,95,-0.6588815789473684,-0.6582236842105263,0.0006578947368421052,0,0.0
resid_post,27,remove_positive,1.0,real_direction,95,-0.6588815789473684,5.14983552631579,5.808717105263158,95,1.0
resid_post,27,remove_positive,1.5,random_direction_0,95,-0.6588815789473684,-0.6569078947368421,0.001973684210526316,0,0.0
resid_post,27,remove_positive,1.5,real_direction,95,-0.6588815789473684,8.019407894736842,8.678289473684211,95,1.0
